duvi_year,admin_dong_code,sgg_nm,admin_dong_name,duvi_score,duvi_grade,duvi_grade_label,duvi_domain_count_used,duvi_variable_count_used
2022,11230640,강남구,역삼1동,55.4842,1,매우 높음,8,19
2022,11190540,영등포구,여의동,55.3204,1,매우 높음,7,18
2022,11140660,마포구,서교동,54.2879,1,매우 높음,8,19
2022,11220530,서초구,서초3동,48.765,1,매우 높음,7,15
2022,11010610,종로구,종로1·2·3·4가동,48.2378,1,매우 높음,9,21
2022,11140740,마포구,상암동,48.158,1,매우 높음,7,18
2022,11030730,용산구,한강로동,44.6594,1,매우 높음,7,18
2022,11230580,강남구,삼성1동,44.1688,1,매우 높음,6,14
2022,11230590,강남구,삼성2동,44.0427,1,매우 높음,7,18
2022,11180510,금천구,가산동,42.9726,1,매우 높음,8,19
2022,11020550,송파구,명동,42.9711,1,매우 높음,9,21
2022,11190740,영등포구,영등포동,42.906,1,매우 높음,7,18
2022,11170540,구로구,구로3동,41.993,1,매우 높음,6,14
2022,11160751,강서구,가양1동,41.8852,1,매우 높음,8,19
2022,11210800,관악구,청룡동,41.2604,1,매우 높음,7,18
2022,11020590,중구,광희동,40.9664,1,매우 높음,9,21
2022,11020540,중구,회현동,40.8865,1,매우 높음,9,21
2022,11230650,강남구,역삼2동,40.0102,1,매우 높음,7,15
2022,11250730,강동구,천호2동,39.9676,1,매우 높음,6,14
2022,11120710,은평구,진관동,39.2921,1,매우 높음,7,18
2022,11130750,서대문구,신촌동,39.0315,1,매우 높음,7,18
2022,11160740,강서구,우장산동,38.9835,1,매우 높음,7,18
2022,11240770,송파구,잠실6동,38.7605,1,매우 높음,8,19
2022,11170560,구로구,구로5동,37.8372,1,매우 높음,6,14
2022,11110560,노원구,공릉2동,37.7734,1,매우 높음,8,20
2022,11220520,서초구,서초2동,37.0956,1,매우 높음,7,18
2022,11250740,강동구,길동,36.7758,1,매우 높음,7,18
2022,11070730,중랑구,망우본동,36.728,1,매우 높음,7,18
2022,11080840,성북구,종암동,36.6824,1,매우 높음,8,20
2022,11150720,양천구,신정4동,36.5413,1,매우 높음,7,15
2022,11240650,송파구,가락본동,36.1839,1,매우 높음,7,18
2022,11220660,서초구,양재1동,35.867,1,매우 높음,8,19
2022,11160540,강서구,등촌3동,35.7212,1,매우 높음,6,14
2022,11010530,종로구,사직동,35.5537,1,매우 높음,9,21
2022,11170510,구로구,신도림동,35.4989,1,매우 높음,7,18
2022,11060810,동대문구,용신동,35.4807,1,매우 높음,7,18
2022,11190560,영등포구,당산2동,35.4096,1,매우 높음,7,18
2022,11090700,강북구,미아동,35.284,1,매우 높음,8,17
2022,11200680,동작구,대방동,35.2564,1,매우 높음,7,18
2022,11200630,동작구,사당1동,35.0999,1,매우 높음,7,18
2022,11210690,관악구,신림동,35.0834,1,매우 높음,7,18
2022,11090710,강북구,송중동,34.9687,1,매우 높음,8,20
2022,11230780,강남구,청담동,34.93,1,매우 높음,7,18
2022,11200720,동작구,노량진1동,34.9225,1,매우 높음,7,18
2022,11240690,송파구,문정2동,34.907,1,매우 높음,7,18
2022,11150660,양천구,신정3동,34.847,1,매우 높음,7,18
2022,11110660,노원구,상계2동,34.8457,1,매우 높음,8,19
2022,11180570,금천구,시흥1동,34.8288,1,매우 높음,6,14
2022,11240630,송파구,석촌동,34.7187,1,매우 높음,7,18
2022,11230760,강남구,세곡동,34.6724,1,매우 높음,7,18
2022,11100630,도봉구,창5동,34.3991,1,매우 높음,8,20
2022,11020520,중구,소공동,34.2569,1,매우 높음,9,21
2022,11240710,송파구,잠실본동,34.2357,1,매우 높음,8,19
2022,11080850,성북구,석관동,34.2247,1,매우 높음,8,20
2022,11240820,송파구,위례동,34.1201,1,매우 높음,6,14
2022,11050530,광진구,화양동,34.1104,1,매우 높음,8,19
2022,11240580,송파구,방이2동,34.1003,1,매우 높음,6,14
2022,11230770,강남구,압구정동,33.9823,1,매우 높음,8,19
2022,11110650,노원구,상계1동,33.7513,1,매우 높음,6,14
2022,11240600,송파구,오금동,33.6962,1,매우 높음,7,18
2022,11220510,서초구,서초1동,33.6707,1,매우 높음,6,14
2022,11160550,강서구,화곡본동,33.67,2,높음,7,18
2022,11060820,동대문구,제기동,33.6424,2,높음,7,18
2022,11110770,노원구,상계6·7동,33.5984,2,높음,6,14
2022,11160510,강서구,염창동,33.4192,2,높음,7,18
2022,11240800,송파구,잠실3동,33.3573,2,높음,6,14
2022,11230530,강남구,논현2동,33.3077,2,높음,6,14
2022,11160730,강서구,화곡1동,33.2339,2,높음,7,15
2022,11230520,강남구,논현1동,33.1572,2,높음,8,19
2022,11060880,동대문구,장안2동,32.929,2,높음,7,18
2022,11060870,동대문구,장안1동,32.9115,2,높음,6,14
2022,11190760,영등포구,문래동,32.866,2,높음,8,19
2022,11100550,도봉구,방학1동,32.7854,2,높음,7,16
2022,11080660,성북구,길음1동,32.7507,2,높음,7,16
2022,11200530,동작구,상도1동,32.7249,2,높음,8,19
2022,11010730,종로구,혜화동,32.7074,2,높음,8,20
2022,11050620,광진구,구의3동,32.6349,2,높음,6,14
2022,11040680,성동구,성수2가3동,32.6109,2,높음,8,19
2022,11110510,노원구,월계1동,32.4161,2,높음,8,20
2022,11110790,노원구,공릉1동,32.4022,2,높음,8,17
2022,11190550,영등포구,당산1동,32.3975,2,높음,7,18
2022,11060830,동대문구,전농1동,32.3385,2,높음,7,18
2022,11170710,구로구,구로2동,32.3015,2,높음,6,14
2022,11180520,금천구,독산1동,32.1931,2,높음,6,14
2022,11100650,도봉구,도봉2동,32.1734,2,높음,7,16
2022,11250760,강동구,상일1동,32.0756,2,높음,6,16
2022,11200710,동작구,흑석동,32.0586,2,높음,7,18
2022,11070710,중랑구,면목본동,31.6796,2,높음,6,14
2022,11250750,강동구,강일동,31.6445,2,높음,7,18
2022,11140780,마포구,아현동,31.6103,2,높음,7,18
2022,11170720,구로구,개봉1동,31.4373,2,높음,6,14
2022,11240540,송파구,거여2동,31.3182,2,높음,6,14
2022,11040710,성동구,왕십리도선동,31.2924,2,높음,7,18
2022,11080820,성북구,삼선동,31.2832,2,높음,8,20
2022,11190720,영등포구,대림3동,31.2241,2,높음,6,14
2022,11120520,은평구,불광1동,31.0967,2,높음,7,18
2022,11050610,광진구,구의2동,31.0103,2,높음,6,14
2022,11130760,서대문구,연희동,30.9617,2,높음,7,18
2022,11190620,영등포구,양평2동,30.8942,2,높음,7,18
2022,11210730,관악구,대학동,30.8739,2,높음,6,14
2022,11220590,서초구,반포3동,30.8199,2,높음,7,15
2022,11230630,강남구,대치4동,30.797,2,높음,8,19
2022,11080720,성북구,월곡2동,30.7664,2,높음,8,20
2022,11140770,마포구,공덕동,30.731,2,높음,7,18
2022,11120740,은평구,역촌동,30.6598,2,높음,7,18
2022,11140600,마포구,대흥동,30.6174,2,높음,7,18
2022,11240640,송파구,삼전동,30.5417,2,높음,7,18
2022,11060800,동대문구,청량리동,30.5149,2,높음,8,20
2022,11200560,동작구,상도4동,30.4413,2,높음,7,15
2022,11020600,중구,을지로동,30.4332,2,높음,8,20
2022,11080830,성북구,동선동,30.2944,2,높음,8,20
2022,11100640,도봉구,도봉1동,30.2172,2,높음,8,20
2022,11100510,도봉구,쌍문1동,30.1776,2,높음,7,16
2022,11080680,성북구,길음2동,30.0908,2,높음,8,20
2022,11230800,강남구,개포2동,30.0161,2,높음,7,15
2022,11090650,강북구,수유3동,29.9759,2,높음,7,16
2022,11220550,서초구,잠원동,29.973,2,높음,7,18
2022,11070690,중랑구,신내1동,29.9448,2,높음,7,18
2022,11090740,강북구,우이동,29.8812,2,높음,8,20
2022,11110580,노원구,하계1동,29.8735,2,높음,8,20
2022,11150520,양천구,목2동,29.7763,2,높음,6,14
2022,11050670,광진구,자양4동,29.7436,2,높음,7,18
2022,11170730,구로구,오류2동,29.7121,3,다소 높음,7,18
2022,11100620,도봉구,창4동,29.7005,3,다소 높음,7,16
2022,11160670,강서구,발산1동,29.6195,3,다소 높음,7,18
2022,11120570,은평구,구산동,29.5553,3,다소 높음,7,18
2022,11250720,강동구,암사1동,29.5471,3,다소 높음,7,15
2022,11130730,서대문구,충현동,29.4985,3,다소 높음,7,18
2022,11090720,강북구,송천동,29.4329,3,다소 높음,7,16
2022,11150710,양천구,목5동,29.3641,3,다소 높음,6,14
2022,11230660,강남구,도곡1동,29.2006,3,다소 높음,6,14
2022,11120730,은평구,응암3동,29.1772,3,다소 높음,7,18
2022,11040560,성동구,행당1동,29.0773,3,다소 높음,7,18
2022,11120580,은평구,대조동,29.0677,3,다소 높음,8,19
2022,11170610,구로구,고척1동,29.0579,3,다소 높음,6,14
2022,11130700,서대문구,남가좌2동,29.0374,3,다소 높음,7,18
2022,11210780,관악구,은천동,28.9444,3,다소 높음,6,14
2022,11200730,동작구,사당2동,28.9174,3,다소 높음,8,19
2022,11070600,중랑구,상봉2동,28.911,3,다소 높음,7,18
2022,11170550,구로구,구로4동,28.8816,3,다소 높음,8,19
2022,11090730,강북구,삼각산동,28.7791,3,다소 높음,7,16
2022,11080650,성북구,정릉4동,28.7353,3,다소 높음,8,20
2022,11220570,서초구,반포1동,28.7273,3,다소 높음,6,14
2022,11090690,강북구,삼양동,28.6929,3,다소 높음,7,16
2022,11160710,강서구,방화2동,28.6011,3,다소 높음,7,18
2022,11230790,강남구,대치2동,28.5818,3,다소 높음,7,15
2022,11100570,도봉구,방학3동,28.544,3,다소 높음,7,16
2022,11120590,은평구,응암1동,28.5007,3,다소 높음,6,14
2022,11060910,동대문구,답십리1동,28.4891,3,다소 높음,7,18
2022,11220540,서초구,서초4동,28.483,3,다소 높음,7,15
2022,11030740,용산구,한남동,28.4768,3,다소 높음,7,18
2022,11170620,구로구,고척2동,28.3925,3,다소 높음,8,19
2022,11110760,노원구,상계3·4동,28.369,3,다소 높음,7,16
2022,11070620,중랑구,중화2동,28.3163,3,다소 높음,8,19
2022,11140730,마포구,성산2동,28.2745,3,다소 높음,8,19
2022,11240610,송파구,송파1동,28.243,3,다소 높음,7,18
2022,11110780,노원구,중계2·3동,28.2045,3,다소 높음,6,14
2022,11070640,중랑구,묵1동,28.1899,3,다소 높음,7,18
2022,11250710,강동구,둔촌2동,28.1488,3,다소 높음,7,18
2022,11160690,강서구,공항동,28.1173,3,다소 높음,8,19
2022,11250670,강동구,성내3동,28.0237,3,다소 높음,6,14
2022,11220680,서초구,내곡동,28.0003,3,다소 높음,7,18
2022,11240810,송파구,장지동,27.9752,3,다소 높음,6,14
2022,11080600,성북구,안암동,27.8593,3,다소 높음,8,20
2022,11120670,은평구,증산동,27.8201,3,다소 높음,7,18
2022,11200690,동작구,신대방1동,27.7351,3,다소 높음,7,18
2022,11080710,성북구,월곡1동,27.6382,3,다소 높음,7,16
2022,11160700,강서구,방화1동,27.4815,3,다소 높음,7,15
2022,11190730,영등포구,영등포본동,27.4784,3,다소 높음,6,14
2022,11080610,성북구,보문동,27.45,3,다소 높음,8,20
2022,11120660,은평구,신사2동,27.3897,3,다소 높음,7,18
2022,11220600,서초구,반포4동,27.389,3,다소 높음,7,18
2022,11250530,강동구,명일1동,27.3683,3,다소 높음,7,18
2022,11140760,마포구,서강동,27.3085,3,다소 높음,7,18
2022,11210720,관악구,조원동,27.3062,3,다소 높음,6,14
2022,11010630,종로구,종로5·6가동,27.1868,3,다소 높음,8,20
2022,11090640,강북구,수유2동,27.1566,3,다소 높음,7,16
2022,11150540,양천구,목4동,27.1485,3,다소 높음,7,18
2022,11150510,양천구,목1동,27.1454,3,다소 높음,6,14
2022,11150700,양천구,신정7동,27.1101,3,다소 높음,6,14
2022,11090750,강북구,인수동,27.0525,3,다소 높음,7,16
2022,11020710,중구,약수동,27.0223,3,다소 높음,7,16
2022,11020700,중구,다산동,27.019,3,다소 높음,7,18
2022,11240520,송파구,풍납2동,26.9824,4,보통,7,18
2022,11220670,서초구,양재2동,26.9798,4,보통,7,18
2022,11150530,양천구,목3동,26.9481,4,보통,7,15
2022,11240790,송파구,잠실2동,26.948,4,보통,6,14
2022,11120510,은평구,녹번동,26.9294,4,보통,8,19
2022,11200700,동작구,신대방2동,26.8906,4,보통,6,14
2022,11050540,광진구,군자동,26.8842,4,보통,7,18
2022,11110520,노원구,월계2동,26.8756,4,보통,7,16
2022,11050650,광진구,자양2동,26.8639,4,보통,6,14
2022,11040730,성동구,옥수동,26.8481,4,보통,7,18
2022,11140690,마포구,망원1동,26.7485,4,보통,8,19
2022,11090600,강북구,번1동,26.7142,4,보통,7,16
2022,11080760,성북구,장위1동,26.6981,4,보통,7,16
2022,11100590,도봉구,창1동,26.6082,4,보통,8,17
2022,11060890,동대문구,이문1동,26.5939,4,보통,7,18
2022,11130620,서대문구,홍제1동,26.5938,4,보통,7,18
2022,11050630,광진구,광장동,26.5829,4,보통,8,19
2022,11100600,도봉구,창2동,26.5462,4,보통,8,17
2022,11230710,강남구,개포4동,26.5305,4,보통,7,18
2022,11140610,마포구,염리동,26.4191,4,보통,6,14
2022,11060730,동대문구,휘경2동,26.4125,4,보통,7,18
2022,11240660,송파구,가락1동,26.3816,4,보통,6,14
2022,11250630,강동구,천호3동,26.3811,4,보통,6,14
2022,11210830,관악구,미성동,26.3784,4,보통,6,14
2022,11020570,중구,필동,26.3213,4,보통,8,20
2022,11100520,도봉구,쌍문2동,26.318,4,보통,7,16
2022,11060860,동대문구,답십리2동,26.2164,4,보통,6,14
2022,11120550,은평구,갈현1동,26.1988,4,보통,7,18
2022,11050560,광진구,중곡2동,26.1801,4,보통,7,18
2022,11040540,성동구,마장동,26.141,4,보통,7,18
2022,11050580,광진구,중곡4동,26.0678,4,보통,6,14
2022,11050640,광진구,자양1동,26.0673,4,보통,7,15
2022,11170690,구로구,수궁동,25.954,4,보통,7,18
2022,11230510,강남구,신사동,25.7957,4,보통,7,15
2022,11170670,구로구,오류1동,25.7636,4,보통,7,18
2022,11110530,노원구,월계3동,25.7605,4,보통,7,16
2022,11030530,용산구,남영동,25.6773,4,보통,7,18
2022,11090630,강북구,수유1동,25.6403,4,보통,7,15
2022,11230750,강남구,수서동,25.6402,4,보통,8,19
2022,11160610,강서구,화곡6동,25.6297,4,보통,6,14
2022,11250610,강동구,천호1동,25.5729,4,보통,8,19
2022,11090610,강북구,번2동,25.5403,4,보통,8,20
2022,11200550,동작구,상도3동,25.5388,4,보통,7,18
2022,11160630,강서구,화곡8동,25.5021,4,보통,6,14
2022,11030710,용산구,청파동,25.4647,4,보통,7,18
2022,11240670,송파구,가락2동,25.4609,4,보통,6,14
2022,11250560,강동구,고덕2동,25.4452,4,보통,6,14
2022,11110600,노원구,중계본동,25.3916,4,보통,7,18
2022,11080810,성북구,성북동,25.3825,4,보통,8,20
2022,11100540,도봉구,쌍문4동,25.3821,4,보통,8,20
2022,11220620,서초구,방배1동,25.3815,4,보통,6,14
2022,11170650,구로구,개봉3동,25.3811,4,보통,7,18
2022,11210570,관악구,행운동,25.3335,4,보통,6,14
2022,11050660,광진구,자양3동,25.3077,4,보통,6,14
2022,11110690,노원구,상계5동,25.291,4,보통,6,14
2022,11080630,성북구,정릉2동,25.2604,4,보통,7,16
2022,11120560,은평구,갈현2동,25.2561,4,보통,6,14
2022,11040700,성동구,용답동,25.2345,4,보통,7,18
2022,11010580,종로구,교남동,25.1043,4,보통,8,20
2022,11210790,관악구,성현동,24.9686,4,보통,6,14
2022,11220650,서초구,방배4동,24.9301,5,다소 낮음,6,14
2022,11240560,송파구,마천2동,24.8631,5,다소 낮음,7,18
2022,11140750,마포구,도화동,24.8409,5,다소 낮음,7,18
2022,11230670,강남구,도곡2동,24.8107,5,다소 낮음,7,18
2022,11200650,동작구,사당3동,24.7563,5,다소 낮음,6,14
2022,11250550,강동구,고덕1동,24.6923,5,다소 낮음,7,18
2022,11070720,중랑구,면목3·8동,24.6905,5,다소 낮음,6,14
2022,11040720,성동구,금호2·3가동,24.5919,5,다소 낮음,7,18
2022,11110640,노원구,중계4동,24.5741,5,다소 낮음,6,14
2022,11130720,서대문구,북가좌2동,24.5638,5,다소 낮음,7,18
2022,11100530,도봉구,쌍문3동,24.5325,5,다소 낮음,7,16
2022,11140680,마포구,합정동,24.5066,5,다소 낮음,7,18
2022,11010560,종로구,평창동,24.3614,5,다소 낮음,8,20
2022,11230720,강남구,일원본동,24.3218,5,다소 낮음,6,14
2022,11160520,강서구,등촌1동,24.2965,5,다소 낮음,8,19
2022,11240680,송파구,문정1동,24.2816,5,다소 낮음,7,18
2022,11010670,종로구,창신1동,24.2308,5,다소 낮음,8,20
2022,11130680,서대문구,홍은2동,24.2104,5,다소 낮음,7,18
2022,11070590,중랑구,상봉1동,24.2082,5,다소 낮음,6,14
2022,11220630,서초구,방배2동,24.091,5,다소 낮음,7,15
2022,11140590,마포구,용강동,24.0748,5,다소 낮음,7,18
2022,11250540,강동구,명일2동,24.0483,5,다소 낮음,6,14
2022,11050590,광진구,능동,24.0181,5,다소 낮음,7,18
2022,11180550,금천구,독산4동,24.0164,5,다소 낮음,8,19
2022,11020680,중구,중림동,23.99,5,다소 낮음,7,18
2022,11120680,은평구,수색동,23.9746,5,다소 낮음,7,18
2022,11200540,동작구,상도2동,23.8643,5,다소 낮음,6,14
2022,11060840,동대문구,전농2동,23.8513,5,다소 낮음,6,14
2022,11040570,성동구,행당2동,23.8414,5,다소 낮음,6,14
2022,11030720,용산구,원효로1동,23.824,5,다소 낮음,7,18
2022,11030510,용산구,후암동,23.7653,5,다소 낮음,7,18
2022,11180540,금천구,독산3동,23.7369,5,다소 낮음,6,14
2022,11230600,강남구,대치1동,23.5196,5,다소 낮음,6,14
2022,11150590,양천구,신월3동,23.4239,5,다소 낮음,7,18
2022,11250650,강동구,성내1동,23.2723,5,다소 낮음,8,19
2022,11020670,중구,황학동,23.2129,5,다소 낮음,8,20
2022,11070700,중랑구,신내2동,23.2059,5,다소 낮음,6,14
2022,11240750,송파구,잠실4동,23.1727,5,다소 낮음,6,14
2022,11120720,은평구,불광2동,23.1398,5,다소 낮음,6,14
2022,11170640,구로구,개봉2동,23.1388,5,다소 낮음,6,14
2022,11010710,종로구,숭인2동,23.0308,5,다소 낮음,8,20
2022,11150630,양천구,신월7동,23.0088,5,다소 낮음,6,14
2022,11190610,영등포구,양평1동,23.0057,5,다소 낮음,7,18
2022,11160580,강서구,화곡3동,23.0037,5,다소 낮음,6,14
2022,11250660,강동구,성내2동,22.9629,5,다소 낮음,6,14
2022,11160590,강서구,화곡4동,22.947,5,다소 낮음,6,14
2022,11180580,금천구,시흥2동,22.856,5,다소 낮음,7,15
2022,11240570,송파구,방이1동,22.8111,5,다소 낮음,7,18
2022,11070520,중랑구,면목2동,22.7172,5,다소 낮음,6,14
2022,11050600,광진구,구의1동,22.6116,5,다소 낮음,8,19
2022,11080590,성북구,돈암2동,22.6095,5,다소 낮음,7,16
2022,11210520,관악구,보라매동,22.5635,5,다소 낮음,6,14
2022,11210810,관악구,난곡동,22.5498,5,다소 낮음,6,14
2022,11030630,용산구,이촌1동,22.5131,5,다소 낮음,7,18
2022,11160761,강서구,방화3동,22.5125,5,다소 낮음,8,19
2022,11010640,종로구,이화동,22.5085,5,다소 낮음,8,19
2022,11010720,종로구,청운효자동,22.4951,5,다소 낮음,7,18
2022,11220640,서초구,방배3동,22.3967,5,다소 낮음,7,18
2022,11020730,중구,동화동,22.3656,5,다소 낮음,7,16
2022,11020650,중구,신당5동,22.3489,5,다소 낮음,7,16
2022,11040620,성동구,금호4가동,22.3448,5,다소 낮음,7,18
2022,11120650,은평구,신사1동,22.3407,6,낮음,6,14
2022,11150570,양천구,신월1동,22.3172,6,낮음,7,15
2022,11190710,영등포구,대림2동,22.3023,6,낮음,7,18
2022,11150600,양천구,신월4동,22.2806,6,낮음,6,14
2022,11070570,중랑구,면목7동,22.2724,6,낮음,6,14
2022,11040650,성동구,성수1가1동,22.24,6,낮음,8,19
2022,11170740,구로구,항동,22.1425,6,낮음,6,16
2022,11100560,도봉구,방학2동,22.1329,6,낮음,7,18
2022,11080640,성북구,정릉3동,22.1281,6,낮음,7,16
2022,11210630,관악구,남현동,22.1173,6,낮음,7,18
2022,11080580,성북구,돈암1동,22.1037,6,낮음,8,20
2022,11020690,중구,신당동,22.0208,6,낮음,9,21
2022,11050570,광진구,중곡3동,21.8994,6,낮음,6,14
2022,11100610,도봉구,창3동,21.8932,6,낮음,8,17
2022,11080620,성북구,정릉1동,21.8682,6,낮음,7,16
2022,11240530,송파구,거여1동,21.8344,6,낮음,7,18
2022,11190680,영등포구,신길6동,21.8193,6,낮음,6,14
2022,11130640,서대문구,홍제3동,21.796,6,낮음,7,15
2022,11080780,성북구,장위3동,21.7124,6,낮음,7,16
2022,11210580,관악구,낙성대동,21.5708,6,낮음,7,15
2022,11110740,노원구,상계10동,21.5497,6,낮음,6,14
2022,11130660,서대문구,홍은1동,21.5423,6,낮음,6,14
2022,11110720,노원구,상계8동,21.5112,6,낮음,6,14
2022,11040520,성동구,왕십리2동,21.496,6,낮음,7,18
2022,11230730,강남구,일원1동,21.4903,6,낮음,7,18
2022,11140720,마포구,성산1동,21.3792,6,낮음,6,14
2022,11130520,서대문구,천연동,21.3381,6,낮음,8,19
2022,11210660,관악구,서림동,21.3272,6,낮음,6,14
2022,11060710,동대문구,회기동,21.2735,6,낮음,7,18
2022,11140710,마포구,연남동,21.2365,6,낮음,7,18
2022,11040660,성동구,성수1가2동,21.2079,6,낮음,7,15
2022,11240550,송파구,마천1동,21.1843,6,낮음,6,14
2022,11210640,관악구,서원동,21.118,6,낮음,6,14
2022,11030650,용산구,이태원1동,21.0797,6,낮음,7,18
2022,11040670,성동구,성수2가1동,21.0287,6,낮음,6,14
2022,11040590,성동구,금호1가동,20.829,6,낮음,7,18
2022,11230511,강남구,개포3동,20.822,6,낮음,6,14
2022,11190630,영등포구,신길1동,20.8181,6,낮음,6,14
2022,11210620,관악구,인헌동,20.7552,6,낮음,6,14
2022,11070650,중랑구,묵2동,20.7239,6,낮음,7,15
2022,11190650,영등포구,신길3동,20.6867,6,낮음,6,14
2022,11250580,강동구,암사2동,20.6675,6,낮음,6,14
2022,11150640,양천구,신정1동,20.6621,6,낮음,6,14
2022,11190700,영등포구,대림1동,20.6308,6,낮음,6,14
2022,11080770,성북구,장위2동,20.5215,6,낮음,7,18
2022,11240590,송파구,오륜동,20.5117,6,낮음,6,14
2022,11070610,중랑구,중화1동,20.5012,6,낮음,6,14
2022,11010700,종로구,숭인1동,20.4953,6,낮음,7,16
2022,11060720,동대문구,휘경1동,20.4856,6,낮음,6,14
2022,11140630,마포구,신수동,20.4072,6,낮음,7,18
2022,11180530,금천구,독산2동,20.4062,6,낮음,6,14
2022,11180610,금천구,시흥5동,20.4017,6,낮음,6,14
2022,11150580,양천구,신월2동,20.3521,6,낮음,6,14
2022,11160530,강서구,등촌2동,20.336,6,낮음,6,14
2022,11110730,노원구,상계9동,20.2747,6,낮음,6,14
2022,11240620,송파구,송파2동,20.2056,6,낮음,6,14
2022,11030580,용산구,효창동,20.1879,6,낮음,7,18
2022,11130690,서대문구,남가좌1동,20.1506,6,낮음,6,14
2022,11020720,중구,청구동,20.1167,6,낮음,7,16
2022,11090620,강북구,번3동,20.1086,6,낮음,8,17
2022,11180600,금천구,시흥4동,20.0758,6,낮음,7,18
2022,11070550,중랑구,면목5동,20.0656,7,매우 낮음,7,18
2022,11190750,영등포구,도림동,20.0257,7,매우 낮음,7,18
2022,11190690,영등포구,신길7동,20.0151,7,매우 낮음,6,14
2022,11050550,광진구,중곡1동,19.9146,7,매우 낮음,7,15
2022,11250770,강동구,상일2동,19.8935,7,매우 낮음,5,12
2022,11150650,양천구,신정2동,19.8865,7,매우 낮음,6,14
2022,11160650,강서구,가양2동,19.7906,7,매우 낮음,6,14
2022,11070540,중랑구,면목4동,19.7192,7,매우 낮음,6,14
2022,11110610,노원구,중계1동,19.7049,7,매우 낮음,6,14
2022,11210680,관악구,신사동,19.6337,7,매우 낮음,6,14
2022,11210610,관악구,중앙동,19.5789,7,매우 낮음,6,14
2022,11150690,양천구,신정6동,19.5308,7,매우 낮음,6,14
2022,11200520,동작구,노량진2동,19.5024,7,매우 낮음,6,14
2022,11190660,영등포구,신길4동,19.4573,7,매우 낮음,7,18
2022,11110590,노원구,하계2동,19.4392,7,매우 낮음,7,16
2022,11070680,중랑구,망우3동,19.3306,7,매우 낮음,6,14
2022,11010570,종로구,무악동,19.3067,7,매우 낮음,8,20
2022,11120600,은평구,응암2동,19.2772,7,매우 낮음,6,14
2022,11040550,성동구,사근동,19.2463,7,매우 낮음,7,18
2022,11130740,서대문구,북아현동,19.2049,7,매우 낮음,6,14
2022,11160660,강서구,가양3동,18.9393,7,매우 낮음,6,14
2022,11210540,관악구,청림동,18.8609,7,매우 낮음,6,14
2022,11220610,서초구,방배본동,18.7099,7,매우 낮음,6,14
2022,11020580,중구,장충동,18.7052,7,매우 낮음,7,18
2022,11010690,종로구,창신3동,18.6201,7,매우 낮음,7,16
2022,11200670,동작구,사당5동,18.5851,7,매우 낮음,6,14
2022,11030690,용산구,서빙고동,18.5592,7,매우 낮음,7,18
2022,11220580,서초구,반포2동,18.498,7,매우 낮음,7,15
2022,11210820,관악구,삼성동,18.4753,7,매우 낮음,6,14
2022,11150610,양천구,신월5동,18.3637,7,매우 낮음,6,14
2022,11170700,구로구,가리봉동,18.2674,7,매우 낮음,7,18
2022,11010680,종로구,창신2동,18.267,7,매우 낮음,6,14
2022,11170520,구로구,구로1동,18.2479,7,매우 낮음,6,14
2022,11130710,서대문구,북가좌1동,18.2332,7,매우 낮음,6,14
2022,11250590,강동구,암사3동,18.1941,7,매우 낮음,8,19
2022,11010540,종로구,삼청동,17.9227,7,매우 낮음,8,19
2022,11030570,용산구,원효로2동,17.7866,7,매우 낮음,7,18
2022,11030520,용산구,용산2가동,17.7208,7,매우 낮음,7,18
2022,11200660,동작구,사당4동,17.5219,7,매우 낮음,6,14
2022,11140700,마포구,망원2동,17.2116,7,매우 낮음,6,14
2022,11060900,동대문구,이문2동,16.9937,7,매우 낮음,6,14
2022,11210650,관악구,신원동,16.9487,7,매우 낮음,7,15
2022,11010550,종로구,부암동,16.6737,7,매우 낮음,7,18
2022,11160570,강서구,화곡2동,16.5123,7,매우 낮음,6,14
2022,11030700,용산구,보광동,16.2916,7,매우 낮음,7,18
2022,11150620,양천구,신월6동,16.2124,7,매우 낮음,6,14
2022,11210710,관악구,난향동,16.015,7,매우 낮음,6,14
2022,11040690,성동구,송정동,15.7457,7,매우 낮음,8,19
2022,11040580,성동구,응봉동,15.6967,7,매우 낮음,7,18
2022,11250700,강동구,둔촌1동,15.4585,7,매우 낮음,7,15
2022,11190670,영등포구,신길5동,15.2306,7,매우 낮음,6,14
2022,11030590,용산구,용문동,15.0122,7,매우 낮음,7,18
2022,11240780,송파구,잠실7동,14.8202,7,매우 낮음,6,14
2022,11240510,송파구,풍납1동,14.7486,7,매우 낮음,6,14
2022,11130650,서대문구,홍제2동,14.6479,7,매우 낮음,6,14
2022,11180590,금천구,시흥3동,14.4057,7,매우 낮음,6,14
2022,11230680,강남구,개포1동,14.3496,7,매우 낮음,6,14
2022,11010600,종로구,가회동,14.1888,7,매우 낮음,8,19
2022,11030660,용산구,이태원2동,12.5517,7,매우 낮음,7,15
2022,11030640,용산구,이촌2동,10.8151,7,매우 낮음,7,15
2022,11220560,서초구,반포본동,3.3463,7,매우 낮음,6,14
2023,11230640,강남구,역삼1동,53.4587,1,매우 높음,8,19
2023,11190540,영등포구,여의동,52.8056,1,매우 높음,7,18
2023,11140660,마포구,서교동,52.449,1,매우 높음,8,19
2023,11010610,종로구,종로1·2·3·4가동,46.7562,1,매우 높음,9,21
2023,11140740,마포구,상암동,45.8908,1,매우 높음,7,18
2023,11220530,서초구,서초3동,45.3478,1,매우 높음,7,15
2023,11030730,용산구,한강로동,42.2513,1,매우 높음,7,18
2023,11230590,강남구,삼성2동,41.6369,1,매우 높음,7,18
2023,11180510,금천구,가산동,41.1265,1,매우 높음,8,19
2023,11230580,강남구,삼성1동,40.7809,1,매우 높음,6,14
2023,11020550,송파구,명동,40.7694,1,매우 높음,9,21
2023,11190740,영등포구,영등포동,40.7663,1,매우 높음,7,18
2023,11160751,강서구,가양1동,40.1696,1,매우 높음,8,19
2023,11210800,관악구,청룡동,40.103,1,매우 높음,7,18
2023,11020590,중구,광희동,39.6775,1,매우 높음,9,21
2023,11020540,중구,회현동,39.5553,1,매우 높음,9,21
2023,11170540,구로구,구로3동,38.851,1,매우 높음,6,14
2023,11160740,강서구,우장산동,37.9374,1,매우 높음,7,18
2023,11060810,동대문구,용신동,37.512,1,매우 높음,7,18
2023,11230650,강남구,역삼2동,37.0315,1,매우 높음,7,15
2023,11120710,은평구,진관동,36.8948,1,매우 높음,7,18
2023,11250730,강동구,천호2동,36.6086,1,매우 높음,6,14
2023,11240770,송파구,잠실6동,36.5736,1,매우 높음,8,19
2023,11250740,강동구,길동,36.4732,1,매우 높음,7,18
2023,11110560,노원구,공릉2동,36.2439,1,매우 높음,8,20
2023,11130750,서대문구,신촌동,35.5987,1,매우 높음,7,18
2023,11220520,서초구,서초2동,35.0965,1,매우 높음,7,18
2023,11070730,중랑구,망우본동,34.7555,1,매우 높음,7,18
2023,11240650,송파구,가락본동,34.7021,1,매우 높음,7,18
2023,11170560,구로구,구로5동,34.4914,1,매우 높음,6,14
2023,11080840,성북구,종암동,34.3678,1,매우 높음,8,20
2023,11200630,동작구,사당1동,34.129,1,매우 높음,7,18
2023,11190560,영등포구,당산2동,34.0164,1,매우 높음,7,18
2023,11220660,서초구,양재1동,33.9388,1,매우 높음,8,19
2023,11110660,노원구,상계2동,33.9095,1,매우 높음,8,19
2023,11150660,양천구,신정3동,33.8066,1,매우 높음,7,18
2023,11010530,종로구,사직동,33.732,1,매우 높음,9,21
2023,11150720,양천구,신정4동,33.5742,1,매우 높음,7,15
2023,11090710,강북구,송중동,33.5071,1,매우 높음,8,20
2023,11170510,구로구,신도림동,33.3956,1,매우 높음,7,18
2023,11230760,강남구,세곡동,33.2796,1,매우 높음,7,18
2023,11090700,강북구,미아동,32.9514,1,매우 높음,8,17
2023,11020600,중구,을지로동,32.9469,1,매우 높음,8,20
2023,11100630,도봉구,창5동,32.8879,1,매우 높음,8,20
2023,11240690,송파구,문정2동,32.8671,1,매우 높음,7,18
2023,11200680,동작구,대방동,32.8317,1,매우 높음,7,18
2023,11240710,송파구,잠실본동,32.7883,1,매우 높음,8,19
2023,11200720,동작구,노량진1동,32.7182,1,매우 높음,7,18
2023,11210690,관악구,신림동,32.6486,1,매우 높음,7,18
2023,11240630,송파구,석촌동,32.5477,1,매우 높음,7,18
2023,11230780,강남구,청담동,32.508,1,매우 높음,7,18
2023,11160540,강서구,등촌3동,32.2063,1,매우 높음,6,14
2023,11050530,광진구,화양동,32.1531,1,매우 높음,8,19
2023,11230770,강남구,압구정동,32.1013,1,매우 높음,8,19
2023,11080850,성북구,석관동,31.9057,1,매우 높음,8,20
2023,11060830,동대문구,전농1동,31.7211,1,매우 높음,7,18
2023,11180570,금천구,시흥1동,31.6384,1,매우 높음,6,14
2023,11010730,종로구,혜화동,31.3914,1,매우 높음,8,20
2023,11060820,동대문구,제기동,31.3734,1,매우 높음,7,18
2023,11160550,강서구,화곡본동,31.2374,1,매우 높음,7,18
2023,11240600,송파구,오금동,31.1343,1,매우 높음,7,18
2023,11230800,강남구,개포2동,31.0919,2,높음,7,15
2023,11240580,송파구,방이2동,30.9868,2,높음,6,14
2023,11020520,중구,소공동,30.9428,2,높음,9,21
2023,11190550,영등포구,당산1동,30.9398,2,높음,7,18
2023,11060880,동대문구,장안2동,30.8898,2,높음,7,18
2023,11160510,강서구,염창동,30.7776,2,높음,7,18
2023,11140780,마포구,아현동,30.7486,2,높음,7,18
2023,11200530,동작구,상도1동,30.674,2,높음,8,19
2023,11230520,강남구,논현1동,30.521,2,높음,8,19
2023,11110510,노원구,월계1동,30.511,2,높음,8,20
2023,11110770,노원구,상계6·7동,30.4836,2,높음,6,14
2023,11040680,성동구,성수2가3동,30.475,2,높음,8,19
2023,11250750,강동구,강일동,30.4563,2,높음,7,18
2023,11190760,영등포구,문래동,30.4349,2,높음,8,19
2023,11110650,노원구,상계1동,30.3306,2,높음,6,14
2023,11160730,강서구,화곡1동,30.265,2,높음,7,15
2023,11240800,송파구,잠실3동,30.1942,2,높음,6,14
2023,11220510,서초구,서초1동,30.1758,2,높음,6,14
2023,11230530,강남구,논현2동,30.1334,2,높음,6,14
2023,11200710,동작구,흑석동,30.1178,2,높음,7,18
2023,11110790,노원구,공릉1동,30.0579,2,높음,8,17
2023,11080660,성북구,길음1동,30.0321,2,높음,7,16
2023,11100550,도봉구,방학1동,29.8886,2,높음,7,16
2023,11240820,송파구,위례동,29.6388,2,높음,6,14
2023,11060870,동대문구,장안1동,29.586,2,높음,6,14
2023,11100650,도봉구,도봉2동,29.4544,2,높음,7,16
2023,11190620,영등포구,양평2동,29.4028,2,높음,7,18
2023,11230630,강남구,대치4동,29.3727,2,높음,8,19
2023,11080720,성북구,월곡2동,29.3421,2,높음,8,20
2023,11050620,광진구,구의3동,29.3001,2,높음,6,14
2023,11250760,강동구,상일1동,29.0938,2,높음,6,16
2023,11170710,구로구,구로2동,28.9362,2,높음,6,14
2023,11050670,광진구,자양4동,28.8883,2,높음,7,18
2023,11100640,도봉구,도봉1동,28.8512,2,높음,8,20
2023,11080820,성북구,삼선동,28.8421,2,높음,8,20
2023,11180520,금천구,독산1동,28.8248,2,높음,6,14
2023,11120520,은평구,불광1동,28.7732,2,높음,7,18
2023,11130760,서대문구,연희동,28.562,2,높음,7,18
2023,11040710,성동구,왕십리도선동,28.5371,2,높음,7,18
2023,11080830,성북구,동선동,28.5297,2,높음,8,20
2023,11140770,마포구,공덕동,28.4897,2,높음,7,18
2023,11070710,중랑구,면목본동,28.4533,2,높음,6,14
2023,11110580,노원구,하계1동,28.4061,2,높음,8,20
2023,11170720,구로구,개봉1동,28.348,2,높음,6,14
2023,11120740,은평구,역촌동,28.2752,2,높음,7,18
2023,11140600,마포구,대흥동,28.2557,2,높음,7,18
2023,11060800,동대문구,청량리동,28.1774,2,높음,8,20
2023,11190720,영등포구,대림3동,28.1486,2,높음,6,14
2023,11170550,구로구,구로4동,28.1454,2,높음,8,19
2023,11220590,서초구,반포3동,28.0997,2,높음,7,15
2023,11090740,강북구,우이동,28.0899,2,높음,8,20
2023,11240640,송파구,삼전동,28.0723,2,높음,7,18
2023,11170730,구로구,오류2동,28.0638,2,높음,7,18
2023,11220550,서초구,잠원동,28.0453,2,높음,7,18
2023,11160670,강서구,발산1동,27.9485,2,높음,7,18
2023,11050610,광진구,구의2동,27.8549,2,높음,6,14
2023,11120570,은평구,구산동,27.8473,2,높음,7,18
2023,11210730,관악구,대학동,27.6889,2,높음,6,14
2023,11120580,은평구,대조동,27.6813,2,높음,8,19
2023,11200560,동작구,상도4동,27.6678,2,높음,7,15
2023,11080680,성북구,길음2동,27.5867,2,높음,8,20
2023,11250710,강동구,둔촌2동,27.5286,3,다소 높음,7,18
2023,11070690,중랑구,신내1동,27.3457,3,다소 높음,7,18
2023,11100510,도봉구,쌍문1동,27.3436,3,다소 높음,7,16
2023,11130730,서대문구,충현동,27.3117,3,다소 높음,7,18
2023,11130700,서대문구,남가좌2동,27.2819,3,다소 높음,7,18
2023,11080650,성북구,정릉4동,27.1757,3,다소 높음,8,20
2023,11040560,성동구,행당1동,27.1492,3,다소 높음,7,18
2023,11120730,은평구,응암3동,27.1477,3,다소 높음,7,18
2023,11100620,도봉구,창4동,27.1063,3,다소 높음,7,16
2023,11090650,강북구,수유3동,27.0945,3,다소 높음,7,16
2023,11070600,중랑구,상봉2동,27.0306,3,다소 높음,7,18
2023,11200730,동작구,사당2동,26.9041,3,다소 높음,8,19
2023,11170610,구로구,고척1동,26.8277,3,다소 높음,6,14
2023,11250720,강동구,암사1동,26.7884,3,다소 높음,7,15
2023,11240540,송파구,거여2동,26.6273,3,다소 높음,6,14
2023,11060910,동대문구,답십리1동,26.5823,3,다소 높음,7,18
2023,11070620,중랑구,중화2동,26.5557,3,다소 높음,8,19
2023,11150520,양천구,목2동,26.5417,3,다소 높음,6,14
2023,11090720,강북구,송천동,26.5409,3,다소 높음,7,16
2023,11220600,서초구,반포4동,26.5352,3,다소 높음,7,18
2023,11110760,노원구,상계3·4동,26.481,3,다소 높음,7,16
2023,11020570,중구,필동,26.4056,3,다소 높음,8,20
2023,11140730,마포구,성산2동,26.3011,3,다소 높음,8,19
2023,11170620,구로구,고척2동,26.221,3,다소 높음,8,19
2023,11010630,종로구,종로5·6가동,26.1782,3,다소 높음,8,20
2023,11070640,중랑구,묵1동,26.1772,3,다소 높음,7,18
2023,11150710,양천구,목5동,26.1696,3,다소 높음,6,14
2023,11090730,강북구,삼각산동,26.1157,3,다소 높음,7,16
2023,11080600,성북구,안암동,26.0878,3,다소 높음,8,20
2023,11230790,강남구,대치2동,25.9973,3,다소 높음,7,15
2023,11090690,강북구,삼양동,25.97,3,다소 높음,7,16
2023,11200690,동작구,신대방1동,25.9639,3,다소 높음,7,18
2023,11150540,양천구,목4동,25.9601,3,다소 높음,7,18
2023,11230660,강남구,도곡1동,25.8844,3,다소 높음,6,14
2023,11120670,은평구,증산동,25.8765,3,다소 높음,7,18
2023,11100570,도봉구,방학3동,25.8434,3,다소 높음,7,16
2023,11240610,송파구,송파1동,25.8082,3,다소 높음,7,18
2023,11220670,서초구,양재2동,25.7746,3,다소 높음,7,18
2023,11220680,서초구,내곡동,25.77,3,다소 높음,7,18
2023,11220540,서초구,서초4동,25.6618,3,다소 높음,7,15
2023,11250530,강동구,명일1동,25.6303,3,다소 높음,7,18
2023,11210780,관악구,은천동,25.6218,3,다소 높음,6,14
2023,11020700,중구,다산동,25.5972,3,다소 높음,7,18
2023,11030740,용산구,한남동,25.5802,3,다소 높음,7,18
2023,11160690,강서구,공항동,25.5492,3,다소 높음,8,19
2023,11230710,강남구,개포4동,25.4994,3,다소 높음,7,18
2023,11160710,강서구,방화2동,25.363,3,다소 높음,7,18
2023,11220570,서초구,반포1동,25.184,3,다소 높음,6,14
2023,11120660,은평구,신사2동,25.1681,3,다소 높음,7,18
2023,11120680,은평구,수색동,25.1121,3,다소 높음,7,18
2023,11120510,은평구,녹번동,25.1052,3,다소 높음,8,19
2023,11080610,성북구,보문동,25.066,3,다소 높음,8,20
2023,11050540,광진구,군자동,25.0578,3,다소 높음,7,18
2023,11130620,서대문구,홍제1동,25.0319,3,다소 높음,7,18
2023,11140760,마포구,서강동,25.0182,3,다소 높음,7,18
2023,11110780,노원구,중계2·3동,25.0044,3,다소 높음,6,14
2023,11120590,은평구,응암1동,24.9223,3,다소 높음,6,14
2023,11050630,광진구,광장동,24.9013,3,다소 높음,8,19
2023,11080710,성북구,월곡1동,24.896,3,다소 높음,7,16
2023,11250670,강동구,성내3동,24.8917,3,다소 높음,6,14
2023,11060890,동대문구,이문1동,24.8718,3,다소 높음,7,18
2023,11240520,송파구,풍납2동,24.8543,4,보통,7,18
2023,11140690,마포구,망원1동,24.8529,4,보통,8,19
2023,11240810,송파구,장지동,24.7549,4,보통,6,14
2023,11060730,동대문구,휘경2동,24.6968,4,보통,7,18
2023,11160700,강서구,방화1동,24.5386,4,보통,7,15
2023,11040730,성동구,옥수동,24.5012,4,보통,7,18
2023,11090640,강북구,수유2동,24.4339,4,보통,7,16
2023,11250610,강동구,천호1동,24.3509,4,보통,8,19
2023,11190730,영등포구,영등포본동,24.3427,4,보통,6,14
2023,11090750,강북구,인수동,24.3375,4,보통,7,16
2023,11110600,노원구,중계본동,24.336,4,보통,7,18
2023,11020710,중구,약수동,24.3012,4,보통,7,16
2023,11100590,도봉구,창1동,24.2273,4,보통,8,17
2023,11110520,노원구,월계2동,24.2107,4,보통,7,16
2023,11230750,강남구,수서동,24.1996,4,보통,8,19
2023,11210720,관악구,조원동,24.1654,4,보통,6,14
2023,11150530,양천구,목3동,24.1378,4,보통,7,15
2023,11100600,도봉구,창2동,24.1039,4,보통,8,17
2023,11030710,용산구,청파동,24.0554,4,보통,7,18
2023,11150510,양천구,목1동,23.971,4,보통,6,14
2023,11150700,양천구,신정7동,23.9327,4,보통,6,14
2023,11240790,송파구,잠실2동,23.916,4,보통,6,14
2023,11050650,광진구,자양2동,23.8422,4,보통,6,14
2023,11090600,강북구,번1동,23.7954,4,보통,7,16
2023,11030530,용산구,남영동,23.6209,4,보통,7,18
2023,11080760,성북구,장위1동,23.5996,4,보통,7,16
2023,11170670,구로구,오류1동,23.5766,4,보통,7,18
2023,11140750,마포구,도화동,23.5546,4,보통,7,18
2023,11200550,동작구,상도3동,23.4894,4,보통,7,18
2023,11080810,성북구,성북동,23.4877,4,보통,8,20
2023,11100520,도봉구,쌍문2동,23.4876,4,보통,7,16
2023,11050640,광진구,자양1동,23.4775,4,보통,7,15
2023,11100540,도봉구,쌍문4동,23.4161,4,보통,8,20
2023,11040540,성동구,마장동,23.3512,4,보통,7,18
2023,11170690,구로구,수궁동,23.2935,4,보통,7,18
2023,11040700,성동구,용답동,23.2751,4,보통,7,18
2023,11240660,송파구,가락1동,23.2696,4,보통,6,14
2023,11090610,강북구,번2동,23.1859,4,보통,8,20
2023,11050560,광진구,중곡2동,23.1842,4,보통,7,18
2023,11250630,강동구,천호3동,23.1534,4,보통,6,14
2023,11210830,관악구,미성동,23.0993,4,보통,6,14
2023,11010580,종로구,교남동,23.0546,4,보통,8,20
2023,11250550,강동구,고덕1동,23.0415,4,보통,7,18
2023,11060860,동대문구,답십리2동,23.04,4,보통,6,14
2023,11200700,동작구,신대방2동,23.0324,4,보통,6,14
2023,11110530,노원구,월계3동,23.0065,4,보통,7,16
2023,11230510,강남구,신사동,22.9556,4,보통,7,15
2023,11240560,송파구,마천2동,22.9463,4,보통,7,18
2023,11050580,광진구,중곡4동,22.8945,4,보통,6,14
2023,11230670,강남구,도곡2동,22.8682,4,보통,7,18
2023,11090630,강북구,수유1동,22.7882,4,보통,7,15
2023,11120550,은평구,갈현1동,22.775,4,보통,7,18
2023,11080630,성북구,정릉2동,22.6051,4,보통,7,16
2023,11160520,강서구,등촌1동,22.6006,4,보통,8,19
2023,11010670,종로구,창신1동,22.5986,4,보통,8,20
2023,11140610,마포구,염리동,22.5681,4,보통,6,14
2023,11140680,마포구,합정동,22.4966,4,보통,7,18
2023,11140590,마포구,용강동,22.3511,4,보통,7,18
2023,11160610,강서구,화곡6동,22.34,4,보통,6,14
2023,11040720,성동구,금호2·3가동,22.3126,4,보통,7,18
2023,11250560,강동구,고덕2동,22.3021,5,다소 낮음,6,14
2023,11180550,금천구,독산4동,22.2673,5,다소 낮음,8,19
2023,11240670,송파구,가락2동,22.2566,5,다소 낮음,6,14
2023,11020670,중구,황학동,22.2339,5,다소 낮음,8,20
2023,11160630,강서구,화곡8동,22.2312,5,다소 낮음,6,14
2023,11020680,중구,중림동,22.2095,5,다소 낮음,7,18
2023,11170650,구로구,개봉3동,22.1855,5,다소 낮음,7,18
2023,11240680,송파구,문정1동,22.1826,5,다소 낮음,7,18
2023,11220620,서초구,방배1동,22.1754,5,다소 낮음,6,14
2023,11130680,서대문구,홍은2동,22.1029,5,다소 낮음,7,18
2023,11210570,관악구,행운동,22.0273,5,다소 낮음,6,14
2023,11120560,은평구,갈현2동,21.9903,5,다소 낮음,6,14
2023,11050660,광진구,자양3동,21.9768,5,다소 낮음,6,14
2023,11110690,노원구,상계5동,21.9734,5,다소 낮음,6,14
2023,11050590,광진구,능동,21.9207,5,다소 낮음,7,18
2023,11210790,관악구,성현동,21.8603,5,다소 낮음,6,14
2023,11010560,종로구,평창동,21.8492,5,다소 낮음,8,20
2023,11130720,서대문구,북가좌2동,21.765,5,다소 낮음,7,18
2023,11220650,서초구,방배4동,21.7442,5,다소 낮음,6,14
2023,11150590,양천구,신월3동,21.7243,5,다소 낮음,7,18
2023,11070720,중랑구,면목3·8동,21.7241,5,다소 낮음,6,14
2023,11100530,도봉구,쌍문3동,21.6266,5,다소 낮음,7,16
2023,11200650,동작구,사당3동,21.556,5,다소 낮음,6,14
2023,11250650,강동구,성내1동,21.5088,5,다소 낮음,8,19
2023,11110640,노원구,중계4동,21.4843,5,다소 낮음,6,14
2023,11030510,용산구,후암동,21.4791,5,다소 낮음,7,18
2023,11030720,용산구,원효로1동,21.4417,5,다소 낮음,7,18
2023,11220630,서초구,방배2동,21.3573,5,다소 낮음,7,15
2023,11230720,강남구,일원본동,21.225,5,다소 낮음,6,14
2023,11010710,종로구,숭인2동,21.1348,5,다소 낮음,8,20
2023,11220640,서초구,방배3동,21.1244,5,다소 낮음,7,18
2023,11190610,영등포구,양평1동,21.1106,5,다소 낮음,7,18
2023,11070590,중랑구,상봉1동,21.0959,5,다소 낮음,6,14
2023,11250540,강동구,명일2동,20.789,5,다소 낮음,6,14
2023,11030630,용산구,이촌1동,20.7664,5,다소 낮음,7,18
2023,11190710,영등포구,대림2동,20.7604,5,다소 낮음,7,18
2023,11040570,성동구,행당2동,20.6922,5,다소 낮음,6,14
2023,11050600,광진구,구의1동,20.6361,5,다소 낮음,8,19
2023,11200540,동작구,상도2동,20.5996,5,다소 낮음,6,14
2023,11060840,동대문구,전농2동,20.5352,5,다소 낮음,6,14
2023,11170740,구로구,항동,20.5125,5,다소 낮음,6,16
2023,11240570,송파구,방이1동,20.5082,5,다소 낮음,7,18
2023,11230600,강남구,대치1동,20.501,5,다소 낮음,6,14
2023,11180540,금천구,독산3동,20.4198,5,다소 낮음,6,14
2023,11010640,종로구,이화동,20.3295,5,다소 낮음,8,19
2023,11080580,성북구,돈암1동,20.2866,5,다소 낮음,8,20
2023,11040650,성동구,성수1가1동,20.2309,5,다소 낮음,8,19
2023,11180580,금천구,시흥2동,20.1817,5,다소 낮음,7,15
2023,11240750,송파구,잠실4동,20.0873,5,다소 낮음,6,14
2023,11120720,은평구,불광2동,20.0656,5,다소 낮음,6,14
2023,11070700,중랑구,신내2동,20.045,5,다소 낮음,6,14
2023,11250660,강동구,성내2동,20.0022,5,다소 낮음,6,14
2023,11080590,성북구,돈암2동,19.9555,5,다소 낮음,7,16
2023,11010720,종로구,청운효자동,19.9531,5,다소 낮음,7,18
2023,11040520,성동구,왕십리2동,19.9382,5,다소 낮음,7,18
2023,11170640,구로구,개봉2동,19.9059,5,다소 낮음,6,14
2023,11240530,송파구,거여1동,19.8597,5,다소 낮음,7,18
2023,11150630,양천구,신월7동,19.8554,5,다소 낮음,6,14
2023,11020650,중구,신당5동,19.8284,5,다소 낮음,7,16
2023,11020730,중구,동화동,19.7639,5,다소 낮음,7,16
2023,11100560,도봉구,방학2동,19.757,5,다소 낮음,7,18
2023,11160761,강서구,방화3동,19.6744,6,낮음,8,19
2023,11160580,강서구,화곡3동,19.649,6,낮음,6,14
2023,11020690,중구,신당동,19.6266,6,낮음,9,21
2023,11070520,중랑구,면목2동,19.5824,6,낮음,6,14
2023,11230730,강남구,일원1동,19.572,6,낮음,7,18
2023,11160590,강서구,화곡4동,19.53,6,낮음,6,14
2023,11210630,관악구,남현동,19.509,6,낮음,7,18
2023,11100610,도봉구,창3동,19.4849,6,낮음,8,17
2023,11130520,서대문구,천연동,19.4335,6,낮음,8,19
2023,11150570,양천구,신월1동,19.3271,6,낮음,7,15
2023,11210520,관악구,보라매동,19.2705,6,낮음,6,14
2023,11210810,관악구,난곡동,19.2402,6,낮음,6,14
2023,11080620,성북구,정릉1동,19.1835,6,낮음,7,16
2023,11080640,성북구,정릉3동,19.179,6,낮음,7,16
2023,11120650,은평구,신사1동,19.1724,6,낮음,6,14
2023,11150600,양천구,신월4동,19.1692,6,낮음,6,14
2023,11080780,성북구,장위3동,19.1206,6,낮음,7,16
2023,11030650,용산구,이태원1동,19.1061,6,낮음,7,18
2023,11070570,중랑구,면목7동,19.0308,6,낮음,6,14
2023,11140710,마포구,연남동,18.8123,6,낮음,7,18
2023,11050570,광진구,중곡3동,18.781,6,낮음,6,14
2023,11040660,성동구,성수1가2동,18.7599,6,낮음,7,15
2023,11040620,성동구,금호4가동,18.6432,6,낮음,7,18
2023,11220580,서초구,반포2동,18.5675,6,낮음,7,15
2023,11040590,성동구,금호1가동,18.5197,6,낮음,7,18
2023,11080770,성북구,장위2동,18.4098,6,낮음,7,18
2023,11210580,관악구,낙성대동,18.3993,6,낮음,7,15
2023,11130640,서대문구,홍제3동,18.3957,6,낮음,7,15
2023,11140630,마포구,신수동,18.2964,6,낮음,7,18
2023,11140720,마포구,성산1동,18.2729,6,낮음,6,14
2023,11110720,노원구,상계8동,18.2584,6,낮음,6,14
2023,11110740,노원구,상계10동,18.2132,6,낮음,6,14
2023,11210660,관악구,서림동,18.1597,6,낮음,6,14
2023,11130660,서대문구,홍은1동,18.1525,6,낮음,6,14
2023,11070650,중랑구,묵2동,18.1252,6,낮음,7,15
2023,11190750,영등포구,도림동,18.1098,6,낮음,7,18
2023,11240550,송파구,마천1동,18.0001,6,낮음,6,14
2023,11180600,금천구,시흥4동,17.9726,6,낮음,7,18
2023,11060710,동대문구,회기동,17.9606,6,낮음,7,18
2023,11210640,관악구,서원동,17.9342,6,낮음,6,14
2023,11010700,종로구,숭인1동,17.9076,6,낮음,7,16
2023,11090620,강북구,번3동,17.8406,6,낮음,8,17
2023,11190680,영등포구,신길6동,17.7943,6,낮음,6,14
2023,11040670,성동구,성수2가1동,17.6867,6,낮음,6,14
2023,11210620,관악구,인헌동,17.5528,6,낮음,6,14
2023,11150580,양천구,신월2동,17.5182,6,낮음,6,14
2023,11190650,영등포구,신길3동,17.4984,6,낮음,6,14
2023,11190660,영등포구,신길4동,17.4949,6,낮음,7,18
2023,11020720,중구,청구동,17.4892,6,낮음,7,16
2023,11190700,영등포구,대림1동,17.4863,6,낮음,6,14
2023,11230511,강남구,개포3동,17.4648,6,낮음,6,14
2023,11150640,양천구,신정1동,17.4558,6,낮음,6,14
2023,11250580,강동구,암사2동,17.393,6,낮음,6,14
2023,11030580,용산구,효창동,17.3916,6,낮음,7,18
2023,11240590,송파구,오륜동,17.3717,6,낮음,6,14
2023,11040550,성동구,사근동,17.3569,6,낮음,7,18
2023,11190630,영등포구,신길1동,17.3089,6,낮음,6,14
2023,11070610,중랑구,중화1동,17.281,6,낮음,6,14
2023,11020580,중구,장충동,17.2569,6,낮음,7,18
2023,11160530,강서구,등촌2동,17.2336,6,낮음,6,14
2023,11180530,금천구,독산2동,17.1778,6,낮음,6,14
2023,11050550,광진구,중곡1동,17.1755,7,매우 낮음,7,15
2023,11180610,금천구,시흥5동,17.1711,7,매우 낮음,6,14
2023,11110730,노원구,상계9동,17.1673,7,매우 낮음,6,14
2023,11070550,중랑구,면목5동,17.124,7,매우 낮음,7,18
2023,11010570,종로구,무악동,17.1003,7,매우 낮음,8,20
2023,11190690,영등포구,신길7동,16.9921,7,매우 낮음,6,14
2023,11240620,송파구,송파2동,16.9634,7,매우 낮음,6,14
2023,11170700,구로구,가리봉동,16.8528,7,매우 낮음,7,18
2023,11060720,동대문구,휘경1동,16.8343,7,매우 낮음,6,14
2023,11130690,서대문구,남가좌1동,16.8207,7,매우 낮음,6,14
2023,11110590,노원구,하계2동,16.7857,7,매우 낮음,7,16
2023,11150650,양천구,신정2동,16.7664,7,매우 낮음,6,14
2023,11160650,강서구,가양2동,16.5457,7,매우 낮음,6,14
2023,11070540,중랑구,면목4동,16.5375,7,매우 낮음,6,14
2023,11110610,노원구,중계1동,16.4963,7,매우 낮음,6,14
2023,11210680,관악구,신사동,16.3814,7,매우 낮음,6,14
2023,11210610,관악구,중앙동,16.3359,7,매우 낮음,6,14
2023,11150690,양천구,신정6동,16.3095,7,매우 낮음,6,14
2023,11030690,용산구,서빙고동,16.2993,7,매우 낮음,7,18
2023,11070680,중랑구,망우3동,16.2914,7,매우 낮음,6,14
2023,11250590,강동구,암사3동,16.1971,7,매우 낮음,8,19
2023,11130740,서대문구,북아현동,16.1115,7,매우 낮음,6,14
2023,11200520,동작구,노량진2동,16.0961,7,매우 낮음,6,14
2023,11010690,종로구,창신3동,16.0144,7,매우 낮음,7,16
2023,11120600,은평구,응암2동,15.8872,7,매우 낮음,6,14
2023,11210540,관악구,청림동,15.7717,7,매우 낮음,6,14
2023,11160660,강서구,가양3동,15.6943,7,매우 낮음,6,14
2023,11220610,서초구,방배본동,15.5238,7,매우 낮음,6,14
2023,11210820,관악구,삼성동,15.5008,7,매우 낮음,6,14
2023,11200670,동작구,사당5동,15.4326,7,매우 낮음,6,14
2023,11010540,종로구,삼청동,15.4221,7,매우 낮음,8,19
2023,11030570,용산구,원효로2동,15.3972,7,매우 낮음,7,18
2023,11010680,종로구,창신2동,15.1996,7,매우 낮음,6,14
2023,11130710,서대문구,북가좌1동,15.1477,7,매우 낮음,6,14
2023,11150610,양천구,신월5동,15.0917,7,매우 낮음,6,14
2023,11170520,구로구,구로1동,15.0569,7,매우 낮음,6,14
2023,11030520,용산구,용산2가동,14.7313,7,매우 낮음,7,18
2023,11250770,강동구,상일2동,14.2624,7,매우 낮음,5,12
2023,11200660,동작구,사당4동,14.2241,7,매우 낮음,6,14
2023,11010550,종로구,부암동,14.084,7,매우 낮음,7,18
2023,11040580,성동구,응봉동,14.0604,7,매우 낮음,7,18
2023,11210650,관악구,신원동,14.0428,7,매우 낮음,7,15
2023,11140700,마포구,망원2동,13.9952,7,매우 낮음,6,14
2023,11060900,동대문구,이문2동,13.8725,7,매우 낮음,6,14
2023,11040690,성동구,송정동,13.5602,7,매우 낮음,8,19
2023,11030590,용산구,용문동,13.5576,7,매우 낮음,7,18
2023,11030700,용산구,보광동,13.5241,7,매우 낮음,7,18
2023,11160570,강서구,화곡2동,13.2478,7,매우 낮음,6,14
2023,11150620,양천구,신월6동,13.1231,7,매우 낮음,6,14
2023,11210710,관악구,난향동,12.7943,7,매우 낮음,6,14
2023,11190670,영등포구,신길5동,12.1423,7,매우 낮음,6,14
2023,11240780,송파구,잠실7동,11.7818,7,매우 낮음,6,14
2023,11010600,종로구,가회동,11.7154,7,매우 낮음,8,19
2023,11130650,서대문구,홍제2동,11.476,7,매우 낮음,6,14
2023,11240510,송파구,풍납1동,11.4608,7,매우 낮음,6,14
2023,11180590,금천구,시흥3동,10.9534,7,매우 낮음,6,14
2023,11230680,강남구,개포1동,10.6028,7,매우 낮음,6,14
2023,11250700,강동구,둔촌1동,10.1976,7,매우 낮음,7,15
2023,11030660,용산구,이태원2동,9.5958,7,매우 낮음,7,15
2023,11030640,용산구,이촌2동,8.0671,7,매우 낮음,7,15
2023,11220560,서초구,반포본동,3.3617,7,매우 낮음,6,14
2024,11190540,영등포구,여의동,51.6034,1,매우 높음,7,18
2024,11230640,강남구,역삼1동,51.5022,1,매우 높음,8,19
2024,11140660,마포구,서교동,50.1774,1,매우 높음,8,19
2024,11220530,서초구,서초3동,43.5033,1,매우 높음,7,15
2024,11140740,마포구,상암동,43.3564,1,매우 높음,7,18
2024,11010610,종로구,종로1·2·3·4가동,43.236,1,매우 높음,9,21
2024,11030730,용산구,한강로동,40.0696,1,매우 높음,7,18
2024,11230590,강남구,삼성2동,39.3221,1,매우 높음,7,18
2024,11020550,송파구,명동,39.2042,1,매우 높음,9,21
2024,11180510,금천구,가산동,38.7022,1,매우 높음,8,19
2024,11230580,강남구,삼성1동,38.0767,1,매우 높음,6,14
2024,11210800,관악구,청룡동,37.8741,1,매우 높음,7,18
2024,11160751,강서구,가양1동,37.8288,1,매우 높음,8,19
2024,11020540,중구,회현동,37.6578,1,매우 높음,9,21
2024,11190740,영등포구,영등포동,36.7576,1,매우 높음,7,18
2024,11170540,구로구,구로3동,36.4051,1,매우 높음,6,14
2024,11020590,중구,광희동,36.353,1,매우 높음,9,21
2024,11160740,강서구,우장산동,35.1468,1,매우 높음,7,18
2024,11250740,강동구,길동,34.6337,1,매우 높음,7,18
2024,11230650,강남구,역삼2동,34.5702,1,매우 높음,7,15
2024,11110560,노원구,공릉2동,34.261,1,매우 높음,8,20
2024,11240770,송파구,잠실6동,34.2477,1,매우 높음,8,19
2024,11250730,강동구,천호2동,33.8376,1,매우 높음,6,14
2024,11120710,은평구,진관동,33.7728,1,매우 높음,7,18
2024,11060810,동대문구,용신동,33.5602,1,매우 높음,7,18
2024,11220520,서초구,서초2동,32.6635,1,매우 높음,7,18
2024,11080840,성북구,종암동,32.5945,1,매우 높음,8,20
2024,11240650,송파구,가락본동,32.5016,1,매우 높음,7,18
2024,11070730,중랑구,망우본동,32.4416,1,매우 높음,7,18
2024,11130750,서대문구,신촌동,32.2798,1,매우 높음,7,18
2024,11110660,노원구,상계2동,32.2234,1,매우 높음,8,19
2024,11190560,영등포구,당산2동,31.8488,1,매우 높음,7,18
2024,11170560,구로구,구로5동,31.7235,1,매우 높음,6,14
2024,11220660,서초구,양재1동,31.6762,1,매우 높음,8,19
2024,11150660,양천구,신정3동,31.6521,1,매우 높음,7,18
2024,11010530,종로구,사직동,31.353,1,매우 높음,9,21
2024,11200630,동작구,사당1동,31.3405,1,매우 높음,7,18
2024,11100630,도봉구,창5동,31.2524,1,매우 높음,8,20
2024,11150720,양천구,신정4동,31.2054,1,매우 높음,7,15
2024,11090710,강북구,송중동,31.1227,1,매우 높음,8,20
2024,11170510,구로구,신도림동,31.0951,1,매우 높음,7,18
2024,11200680,동작구,대방동,30.9802,1,매우 높음,7,18
2024,11240710,송파구,잠실본동,30.8005,1,매우 높음,8,19
2024,11090700,강북구,미아동,30.7765,1,매우 높음,8,17
2024,11230780,강남구,청담동,30.5522,1,매우 높음,7,18
2024,11230760,강남구,세곡동,30.5135,1,매우 높음,7,18
2024,11200720,동작구,노량진1동,30.4287,1,매우 높음,7,18
2024,11240630,송파구,석촌동,30.3177,1,매우 높음,7,18
2024,11080850,성북구,석관동,30.2236,1,매우 높음,8,20
2024,11240690,송파구,문정2동,30.0021,1,매우 높음,7,18
2024,11210690,관악구,신림동,29.8379,1,매우 높음,7,18
2024,11230770,강남구,압구정동,29.7739,1,매우 높음,8,19
2024,11160540,강서구,등촌3동,29.6396,1,매우 높음,6,14
2024,11010730,종로구,혜화동,29.1832,1,매우 높음,8,20
2024,11050530,광진구,화양동,29.0978,1,매우 높음,8,19
2024,11020520,중구,소공동,29.0914,1,매우 높음,9,21
2024,11240600,송파구,오금동,28.9722,1,매우 높음,7,18
2024,11110510,노원구,월계1동,28.8863,1,매우 높음,8,20
2024,11060820,동대문구,제기동,28.8481,1,매우 높음,7,18
2024,11180570,금천구,시흥1동,28.7803,1,매우 높음,6,14
2024,11230520,강남구,논현1동,28.7097,1,매우 높음,8,19
2024,11190760,영등포구,문래동,28.5279,2,높음,8,19
2024,11040680,성동구,성수2가3동,28.3904,2,높음,8,19
2024,11190550,영등포구,당산1동,28.2824,2,높음,7,18
2024,11060880,동대문구,장안2동,28.2732,2,높음,7,18
2024,11060830,동대문구,전농1동,28.2165,2,높음,7,18
2024,11200530,동작구,상도1동,28.0661,2,높음,8,19
2024,11160550,강서구,화곡본동,28.0455,2,높음,7,18
2024,11240580,송파구,방이2동,28.0387,2,높음,6,14
2024,11110790,노원구,공릉1동,28.0351,2,높음,8,17
2024,11160510,강서구,염창동,27.9435,2,높음,7,18
2024,11080660,성북구,길음1동,27.8311,2,높음,7,16
2024,11110650,노원구,상계1동,27.6534,2,높음,6,14
2024,11140780,마포구,아현동,27.6254,2,높음,7,18
2024,11020600,중구,을지로동,27.6125,2,높음,8,20
2024,11110770,노원구,상계6·7동,27.6107,2,높음,6,14
2024,11160730,강서구,화곡1동,27.6081,2,높음,7,15
2024,11100550,도봉구,방학1동,27.4581,2,높음,7,16
2024,11220510,서초구,서초1동,27.4549,2,높음,6,14
2024,11200710,동작구,흑석동,27.4294,2,높음,7,18
2024,11240800,송파구,잠실3동,27.385,2,높음,6,14
2024,11230530,강남구,논현2동,27.357,2,높음,6,14
2024,11080720,성북구,월곡2동,27.2584,2,높음,8,20
2024,11230630,강남구,대치4동,27.2278,2,높음,8,19
2024,11100650,도봉구,도봉2동,27.221,2,높음,7,16
2024,11160670,강서구,발산1동,27.1304,2,높음,7,18
2024,11080820,성북구,삼선동,27.0964,2,높음,8,20
2024,11250750,강동구,강일동,26.9008,2,높음,7,18
2024,11060870,동대문구,장안1동,26.6735,2,높음,6,14
2024,11050620,광진구,구의3동,26.6516,2,높음,6,14
2024,11120520,은평구,불광1동,26.5943,2,높음,7,18
2024,11050670,광진구,자양4동,26.5072,2,높음,7,18
2024,11100640,도봉구,도봉1동,26.4798,2,높음,8,20
2024,11080830,성북구,동선동,26.3623,2,높음,8,20
2024,11190620,영등포구,양평2동,26.3338,2,높음,7,18
2024,11170710,구로구,구로2동,26.2961,2,높음,6,14
2024,11130760,서대문구,연희동,26.2656,2,높음,7,18
2024,11110580,노원구,하계1동,26.2425,2,높음,8,20
2024,11140770,마포구,공덕동,26.1916,2,높음,7,18
2024,11220590,서초구,반포3동,26.1773,2,높음,7,15
2024,11090740,강북구,우이동,26.0993,2,높음,8,20
2024,11230800,강남구,개포2동,26.0838,2,높음,7,15
2024,11170550,구로구,구로4동,26.0492,2,높음,8,19
2024,11250760,강동구,상일1동,26.015,2,높음,6,16
2024,11220550,서초구,잠원동,26.0019,2,높음,7,18
2024,11060800,동대문구,청량리동,25.9532,2,높음,8,20
2024,11240820,송파구,위례동,25.9237,2,높음,6,14
2024,11120740,은평구,역촌동,25.9192,2,높음,7,18
2024,11180520,금천구,독산1동,25.9021,2,높음,6,14
2024,11240640,송파구,삼전동,25.7841,2,높음,7,18
2024,11070710,중랑구,면목본동,25.7289,2,높음,6,14
2024,11040710,성동구,왕십리도선동,25.6553,2,높음,7,18
2024,11250710,강동구,둔촌2동,25.6237,2,높음,7,18
2024,11200560,동작구,상도4동,25.5407,2,높음,7,15
2024,11170720,구로구,개봉1동,25.5313,2,높음,6,14
2024,11070690,중랑구,신내1동,25.4791,2,높음,7,18
2024,11130730,서대문구,충현동,25.4778,2,높음,7,18
2024,11190720,영등포구,대림3동,25.4056,2,높음,6,14
2024,11140600,마포구,대흥동,25.3288,2,높음,7,18
2024,11120730,은평구,응암3동,25.2136,2,높음,7,18
2024,11080650,성북구,정릉4동,25.1951,2,높음,8,20
2024,11050610,광진구,구의2동,25.1388,2,높음,6,14
2024,11100510,도봉구,쌍문1동,25.0792,3,다소 높음,7,16
2024,11040560,성동구,행당1동,25.0156,3,다소 높음,7,18
2024,11080680,성북구,길음2동,24.8815,3,다소 높음,8,20
2024,11100620,도봉구,창4동,24.8274,3,다소 높음,7,16
2024,11120580,은평구,대조동,24.6989,3,다소 높음,8,19
2024,11070620,중랑구,중화2동,24.6725,3,다소 높음,8,19
2024,11120570,은평구,구산동,24.5371,3,다소 높음,7,18
2024,11090650,강북구,수유3동,24.5168,3,다소 높음,7,16
2024,11170730,구로구,오류2동,24.4827,3,다소 높음,7,18
2024,11140730,마포구,성산2동,24.4696,3,다소 높음,8,19
2024,11130700,서대문구,남가좌2동,24.4491,3,다소 높음,7,18
2024,11060910,동대문구,답십리1동,24.448,3,다소 높음,7,18
2024,11200730,동작구,사당2동,24.4241,3,다소 높음,8,19
2024,11250720,강동구,암사1동,24.416,3,다소 높음,7,15
2024,11150540,양천구,목4동,24.3748,3,다소 높음,7,18
2024,11070600,중랑구,상봉2동,24.2922,3,다소 높음,7,18
2024,11210730,관악구,대학동,24.199,3,다소 높음,6,14
2024,11170620,구로구,고척2동,24.1597,3,다소 높음,8,19
2024,11090720,강북구,송천동,24.1247,3,다소 높음,7,16
2024,11090690,강북구,삼양동,23.9132,3,다소 높음,7,16
2024,11220600,서초구,반포4동,23.9125,3,다소 높음,7,18
2024,11220670,서초구,양재2동,23.8216,3,다소 높음,7,18
2024,11080600,성북구,안암동,23.817,3,다소 높음,8,20
2024,11150520,양천구,목2동,23.7347,3,다소 높음,6,14
2024,11090730,강북구,삼각산동,23.7223,3,다소 높음,7,16
2024,11110760,노원구,상계3·4동,23.6999,3,다소 높음,7,16
2024,11010630,종로구,종로5·6가동,23.6855,3,다소 높음,8,20
2024,11230790,강남구,대치2동,23.5918,3,다소 높음,7,15
2024,11050630,광진구,광장동,23.5602,3,다소 높음,8,19
2024,11150710,양천구,목5동,23.5448,3,다소 높음,6,14
2024,11100570,도봉구,방학3동,23.5208,3,다소 높음,7,16
2024,11240610,송파구,송파1동,23.4634,3,다소 높음,7,18
2024,11200690,동작구,신대방1동,23.4627,3,다소 높음,7,18
2024,11170610,구로구,고척1동,23.4415,3,다소 높음,6,14
2024,11220540,서초구,서초4동,23.4022,3,다소 높음,7,15
2024,11070640,중랑구,묵1동,23.3031,3,다소 높음,7,18
2024,11230660,강남구,도곡1동,23.2835,3,다소 높음,6,14
2024,11020700,중구,다산동,23.2827,3,다소 높음,7,18
2024,11120660,은평구,신사2동,23.2738,3,다소 높음,7,18
2024,11250530,강동구,명일1동,23.2509,3,다소 높음,7,18
2024,11220680,서초구,내곡동,23.1262,3,다소 높음,7,18
2024,11240540,송파구,거여2동,23.1078,3,다소 높음,6,14
2024,11210780,관악구,은천동,23.0757,3,다소 높음,6,14
2024,11140690,마포구,망원1동,23.0582,3,다소 높음,8,19
2024,11020570,중구,필동,23.028,3,다소 높음,8,20
2024,11040730,성동구,옥수동,23.0231,3,다소 높음,7,18
2024,11240520,송파구,풍납2동,23.0203,3,다소 높음,7,18
2024,11030740,용산구,한남동,22.8091,3,다소 높음,7,18
2024,11140760,마포구,서강동,22.8051,3,다소 높음,7,18
2024,11110600,노원구,중계본동,22.7761,3,다소 높음,7,18
2024,11230710,강남구,개포4동,22.6704,3,다소 높음,7,18
2024,11160690,강서구,공항동,22.6269,3,다소 높음,8,19
2024,11120510,은평구,녹번동,22.5632,3,다소 높음,8,19
2024,11080710,성북구,월곡1동,22.4912,3,다소 높음,7,16
2024,11240810,송파구,장지동,22.4545,3,다소 높음,6,14
2024,11060730,동대문구,휘경2동,22.4449,3,다소 높음,7,18
2024,11130620,서대문구,홍제1동,22.4052,3,다소 높음,7,18
2024,11220570,서초구,반포1동,22.3893,3,다소 높음,6,14
2024,11120670,은평구,증산동,22.3378,3,다소 높음,7,18
2024,11110780,노원구,중계2·3동,22.3054,3,다소 높음,6,14
2024,11080610,성북구,보문동,22.3028,3,다소 높음,8,20
2024,11160700,강서구,방화1동,22.2033,4,보통,7,15
2024,11100590,도봉구,창1동,22.1696,4,보통,8,17
2024,11080810,성북구,성북동,22.1615,4,보통,8,20
2024,11100600,도봉구,창2동,22.0986,4,보통,8,17
2024,11090640,강북구,수유2동,22.0204,4,보통,7,16
2024,11120550,은평구,갈현1동,21.9722,4,보통,7,18
2024,11250670,강동구,성내3동,21.9652,4,보통,6,14
2024,11060890,동대문구,이문1동,21.9598,4,보통,7,18
2024,11090750,강북구,인수동,21.9497,4,보통,7,16
2024,11020710,중구,약수동,21.9312,4,보통,7,16
2024,11230750,강남구,수서동,21.8734,4,보통,8,19
2024,11110520,노원구,월계2동,21.854,4,보통,7,16
2024,11250610,강동구,천호1동,21.841,4,보통,8,19
2024,11050540,광진구,군자동,21.8153,4,보통,7,18
2024,11200550,동작구,상도3동,21.8144,4,보통,7,18
2024,11150530,양천구,목3동,21.7994,4,보통,7,15
2024,11120590,은평구,응암1동,21.6776,4,보통,6,14
2024,11160710,강서구,방화2동,21.5713,4,보통,7,18
2024,11140750,마포구,도화동,21.5531,4,보통,7,18
2024,11030710,용산구,청파동,21.5477,4,보통,7,18
2024,11090610,강북구,번2동,21.4333,4,보통,8,20
2024,11190730,영등포구,영등포본동,21.4329,4,보통,6,14
2024,11100540,도봉구,쌍문4동,21.4116,4,보통,8,20
2024,11030530,용산구,남영동,21.2899,4,보통,7,18
2024,11040540,성동구,마장동,21.2645,4,보통,7,18
2024,11150510,양천구,목1동,21.2075,4,보통,6,14
2024,11150700,양천구,신정7동,21.1916,4,보통,6,14
2024,11050650,광진구,자양2동,21.1876,4,보통,6,14
2024,11100520,도봉구,쌍문2동,21.176,4,보통,7,16
2024,11240790,송파구,잠실2동,21.1745,4,보통,6,14
2024,11090600,강북구,번1동,21.1151,4,보통,7,16
2024,11050560,광진구,중곡2동,21.072,4,보통,7,18
2024,11210720,관악구,조원동,21.0396,4,보통,6,14
2024,11050640,광진구,자양1동,20.9981,4,보통,7,15
2024,11080760,성북구,장위1동,20.9188,4,보통,7,16
2024,11170670,구로구,오류1동,20.8656,4,보통,7,18
2024,11010580,종로구,교남동,20.829,4,보통,8,20
2024,11240560,송파구,마천2동,20.7826,4,보통,7,18
2024,11230510,강남구,신사동,20.7218,4,보통,7,15
2024,11170690,구로구,수궁동,20.7018,4,보통,7,18
2024,11110530,노원구,월계3동,20.6408,4,보통,7,16
2024,11160520,강서구,등촌1동,20.6402,4,보통,8,19
2024,11010670,종로구,창신1동,20.5219,4,보통,8,20
2024,11240660,송파구,가락1동,20.5137,4,보통,6,14
2024,11170650,구로구,개봉3동,20.4598,4,보통,7,18
2024,11250630,강동구,천호3동,20.4354,4,보통,6,14
2024,11090630,강북구,수유1동,20.4338,4,보통,7,15
2024,11250550,강동구,고덕1동,20.4147,4,보통,7,18
2024,11060860,동대문구,답십리2동,20.4037,4,보통,6,14
2024,11140590,마포구,용강동,20.3462,4,보통,7,18
2024,11040700,성동구,용답동,20.3381,4,보통,7,18
2024,11040720,성동구,금호2·3가동,20.3139,4,보통,7,18
2024,11010560,종로구,평창동,20.2768,4,보통,8,20
2024,11210830,관악구,미성동,20.1978,4,보통,6,14
2024,11050580,광진구,중곡4동,20.1264,4,보통,6,14
2024,11080630,성북구,정릉2동,20.1218,4,보통,7,16
2024,11200700,동작구,신대방2동,20.0979,4,보통,6,14
2024,11250560,강동구,고덕2동,20.0931,4,보통,6,14
2024,11240680,송파구,문정1동,20.0894,4,보통,7,18
2024,11140680,마포구,합정동,20.0403,4,보통,7,18
2024,11020690,중구,신당동,19.8901,5,다소 낮음,9,21
2024,11130680,서대문구,홍은2동,19.8319,5,다소 낮음,7,18
2024,11030510,용산구,후암동,19.7902,5,다소 낮음,7,18
2024,11150590,양천구,신월3동,19.7289,5,다소 낮음,7,18
2024,11030630,용산구,이촌1동,19.6911,5,다소 낮음,7,18
2024,11160610,강서구,화곡6동,19.6001,5,다소 낮음,6,14
2024,11240670,송파구,가락2동,19.5376,5,다소 낮음,6,14
2024,11250650,강동구,성내1동,19.5155,5,다소 낮음,8,19
2024,11160630,강서구,화곡8동,19.5107,5,다소 낮음,6,14
2024,11120680,은평구,수색동,19.5032,5,다소 낮음,7,18
2024,11010710,종로구,숭인2동,19.5001,5,다소 낮음,8,20
2024,11220620,서초구,방배1동,19.4899,5,다소 낮음,6,14
2024,11120560,은평구,갈현2동,19.3745,5,다소 낮음,6,14
2024,11210570,관악구,행운동,19.3561,5,다소 낮음,6,14
2024,11050660,광진구,자양3동,19.3479,5,다소 낮음,6,14
2024,11220640,서초구,방배3동,19.3448,5,다소 낮음,7,18
2024,11180550,금천구,독산4동,19.2923,5,다소 낮음,8,19
2024,11110690,노원구,상계5동,19.2633,5,다소 낮음,6,14
2024,11100530,도봉구,쌍문3동,19.21,5,다소 낮음,7,16
2024,11220630,서초구,방배2동,19.2001,5,다소 낮음,7,15
2024,11020670,중구,황학동,19.1928,5,다소 낮음,8,20
2024,11140610,마포구,염리동,19.1254,5,다소 낮음,6,14
2024,11210790,관악구,성현동,19.1184,5,다소 낮음,6,14
2024,11020680,중구,중림동,19.1127,5,다소 낮음,7,18
2024,11050590,광진구,능동,19.092,5,다소 낮음,7,18
2024,11220650,서초구,방배4동,19.0414,5,다소 낮음,6,14
2024,11230680,강남구,개포1동,19.0179,5,다소 낮음,6,14
2024,11130720,서대문구,북가좌2동,18.8889,5,다소 낮음,7,18
2024,11200650,동작구,사당3동,18.7995,5,다소 낮음,6,14
2024,11080580,성북구,돈암1동,18.792,5,다소 낮음,8,20
2024,11110640,노원구,중계4동,18.7891,5,다소 낮음,6,14
2024,11030720,용산구,원효로1동,18.7687,5,다소 낮음,7,18
2024,11190710,영등포구,대림2동,18.7618,5,다소 낮음,7,18
2024,11240570,송파구,방이1동,18.6713,5,다소 낮음,7,18
2024,11070720,중랑구,면목3·8동,18.6633,5,다소 낮음,6,14
2024,11010640,종로구,이화동,18.59,5,다소 낮음,8,19
2024,11230670,강남구,도곡2동,18.54,5,다소 낮음,7,18
2024,11230720,강남구,일원본동,18.4219,5,다소 낮음,6,14
2024,11040650,성동구,성수1가1동,18.3758,5,다소 낮음,8,19
2024,11070590,중랑구,상봉1동,18.347,5,다소 낮음,6,14
2024,11050600,광진구,구의1동,18.2803,5,다소 낮음,8,19
2024,11040570,성동구,행당2동,18.0107,5,다소 낮음,6,14
2024,11250540,강동구,명일2동,17.9842,5,다소 낮음,6,14
2024,11010720,종로구,청운효자동,17.8348,5,다소 낮음,7,18
2024,11190610,영등포구,양평1동,17.8263,5,다소 낮음,7,18
2024,11180580,금천구,시흥2동,17.7891,5,다소 낮음,7,15
2024,11040620,성동구,금호4가동,17.7599,5,다소 낮음,7,18
2024,11060840,동대문구,전농2동,17.7359,5,다소 낮음,6,14
2024,11200540,동작구,상도2동,17.7272,5,다소 낮음,6,14
2024,11230600,강남구,대치1동,17.6949,5,다소 낮음,6,14
2024,11180540,금천구,독산3동,17.6221,5,다소 낮음,6,14
2024,11080590,성북구,돈암2동,17.6159,5,다소 낮음,7,16
2024,11230730,강남구,일원1동,17.5286,5,다소 낮음,7,18
2024,11130520,서대문구,천연동,17.4977,5,다소 낮음,8,19
2024,11040520,성동구,왕십리2동,17.4885,5,다소 낮음,7,18
2024,11020730,중구,동화동,17.4279,5,다소 낮음,7,16
2024,11100610,도봉구,창3동,17.4182,5,다소 낮음,8,17
2024,11100560,도봉구,방학2동,17.4025,5,다소 낮음,7,18
2024,11020650,중구,신당5동,17.3685,5,다소 낮음,7,16
2024,11120720,은평구,불광2동,17.3484,5,다소 낮음,6,14
2024,11250660,강동구,성내2동,17.3475,5,다소 낮음,6,14
2024,11070700,중랑구,신내2동,17.3446,6,낮음,6,14
2024,11240750,송파구,잠실4동,17.3331,6,낮음,6,14
2024,11240530,송파구,거여1동,17.1877,6,낮음,7,18
2024,11150630,양천구,신월7동,17.1723,6,낮음,6,14
2024,11160761,강서구,방화3동,17.1431,6,낮음,8,19
2024,11170640,구로구,개봉2동,17.1411,6,낮음,6,14
2024,11210630,관악구,남현동,17.0065,6,낮음,7,18
2024,11150570,양천구,신월1동,16.9821,6,낮음,7,15
2024,11160580,강서구,화곡3동,16.9132,6,낮음,6,14
2024,11080780,성북구,장위3동,16.8912,6,낮음,7,16
2024,11160590,강서구,화곡4동,16.7836,6,낮음,6,14
2024,11080620,성북구,정릉1동,16.7556,6,낮음,7,16
2024,11030650,용산구,이태원1동,16.7414,6,낮음,7,18
2024,11070520,중랑구,면목2동,16.7013,6,낮음,6,14
2024,11040660,성동구,성수1가2동,16.668,6,낮음,7,15
2024,11080640,성북구,정릉3동,16.6186,6,낮음,7,16
2024,11170740,구로구,항동,16.6177,6,낮음,6,16
2024,11210810,관악구,난곡동,16.5974,6,낮음,6,14
2024,11040590,성동구,금호1가동,16.5877,6,낮음,7,18
2024,11210520,관악구,보라매동,16.5848,6,낮음,6,14
2024,11140710,마포구,연남동,16.5554,6,낮음,7,18
2024,11120650,은평구,신사1동,16.4518,6,낮음,6,14
2024,11150600,양천구,신월4동,16.3382,6,낮음,6,14
2024,11070570,중랑구,면목7동,16.2124,6,낮음,6,14
2024,11190750,영등포구,도림동,16.092,6,낮음,7,18
2024,11210580,관악구,낙성대동,16.0808,6,낮음,7,15
2024,11140630,마포구,신수동,16.0241,6,낮음,7,18
2024,11050570,광진구,중곡3동,15.9128,6,낮음,6,14
2024,11130640,서대문구,홍제3동,15.8048,6,낮음,7,15
2024,11070650,중랑구,묵2동,15.756,6,낮음,7,15
2024,11090620,강북구,번3동,15.7519,6,낮음,8,17
2024,11080770,성북구,장위2동,15.7366,6,낮음,7,18
2024,11220580,서초구,반포2동,15.7145,6,낮음,7,15
2024,11140720,마포구,성산1동,15.7014,6,낮음,6,14
2024,11030580,용산구,효창동,15.6482,6,낮음,7,18
2024,11010700,종로구,숭인1동,15.5162,6,낮음,7,16
2024,11110720,노원구,상계8동,15.5154,6,낮음,6,14
2024,11070550,중랑구,면목5동,15.4312,6,낮음,7,18
2024,11130660,서대문구,홍은1동,15.3923,6,낮음,6,14
2024,11210640,관악구,서원동,15.2937,6,낮음,6,14
2024,11180600,금천구,시흥4동,15.2606,6,낮음,7,18
2024,11060710,동대문구,회기동,15.235,6,낮음,7,18
2024,11040670,성동구,성수2가1동,15.1351,6,낮음,6,14
2024,11110740,노원구,상계10동,15.0883,6,낮음,6,14
2024,11020720,중구,청구동,15.0867,6,낮음,7,16
2024,11210660,관악구,서림동,15.0832,6,낮음,6,14
2024,11190680,영등포구,신길6동,15.0811,6,낮음,6,14
2024,11240550,송파구,마천1동,15.081,6,낮음,6,14
2024,11010570,종로구,무악동,15.0153,6,낮음,8,20
2024,11150640,양천구,신정1동,14.8828,6,낮음,6,14
2024,11050550,광진구,중곡1동,14.8178,6,낮음,7,15
2024,11230511,강남구,개포3동,14.7885,6,낮음,6,14
2024,11210620,관악구,인헌동,14.7555,6,낮음,6,14
2024,11020580,중구,장충동,14.746,6,낮음,7,18
2024,11190700,영등포구,대림1동,14.7222,6,낮음,6,14
2024,11190650,영등포구,신길3동,14.721,6,낮음,6,14
2024,11030690,용산구,서빙고동,14.7079,6,낮음,7,18
2024,11190660,영등포구,신길4동,14.6958,6,낮음,7,18
2024,11250580,강동구,암사2동,14.6241,6,낮음,6,14
2024,11150580,양천구,신월2동,14.6153,6,낮음,6,14
2024,11240590,송파구,오륜동,14.6046,6,낮음,6,14
2024,11040550,성동구,사근동,14.5765,7,매우 낮음,7,18
2024,11160530,강서구,등촌2동,14.5669,7,매우 낮음,6,14
2024,11070610,중랑구,중화1동,14.5106,7,매우 낮음,6,14
2024,11240620,송파구,송파2동,14.4662,7,매우 낮음,6,14
2024,11110730,노원구,상계9동,14.4406,7,매우 낮음,6,14
2024,11110590,노원구,하계2동,14.397,7,매우 낮음,7,16
2024,11180530,금천구,독산2동,14.392,7,매우 낮음,6,14
2024,11180610,금천구,시흥5동,14.3881,7,매우 낮음,6,14
2024,11170700,구로구,가리봉동,14.2417,7,매우 낮음,7,18
2024,11190630,영등포구,신길1동,14.2144,7,매우 낮음,6,14
2024,11190690,영등포구,신길7동,14.1972,7,매우 낮음,6,14
2024,11150650,양천구,신정2동,13.9913,7,매우 낮음,6,14
2024,11160650,강서구,가양2동,13.9603,7,매우 낮음,6,14
2024,11060720,동대문구,휘경1동,13.9122,7,매우 낮음,6,14
2024,11110610,노원구,중계1동,13.8408,7,매우 낮음,6,14
2024,11250590,강동구,암사3동,13.8124,7,매우 낮음,8,19
2024,11130690,서대문구,남가좌1동,13.792,7,매우 낮음,6,14
2024,11210680,관악구,신사동,13.7499,7,매우 낮음,6,14
2024,11070540,중랑구,면목4동,13.7213,7,매우 낮음,6,14
2024,11150690,양천구,신정6동,13.6874,7,매우 낮음,6,14
2024,11010690,종로구,창신3동,13.6595,7,매우 낮음,7,16
2024,11030520,용산구,용산2가동,13.5652,7,매우 낮음,7,18
2024,11210610,관악구,중앙동,13.5371,7,매우 낮음,6,14
2024,11070680,중랑구,망우3동,13.4675,7,매우 낮음,6,14
2024,11130740,서대문구,북아현동,13.3343,7,매우 낮음,6,14
2024,11200520,동작구,노량진2동,13.108,7,매우 낮음,6,14
2024,11030570,용산구,원효로2동,13.0602,7,매우 낮음,7,18
2024,11120600,은평구,응암2동,13.0181,7,매우 낮음,6,14
2024,11210540,관악구,청림동,13.0003,7,매우 낮음,6,14
2024,11160660,강서구,가양3동,12.9764,7,매우 낮음,6,14
2024,11210820,관악구,삼성동,12.9452,7,매우 낮음,6,14
2024,11220610,서초구,방배본동,12.6898,7,매우 낮음,6,14
2024,11200670,동작구,사당5동,12.6719,7,매우 낮음,6,14
2024,11010540,종로구,삼청동,12.5839,7,매우 낮음,8,19
2024,11130710,서대문구,북가좌1동,12.4318,7,매우 낮음,6,14
2024,11010680,종로구,창신2동,12.4273,7,매우 낮음,6,14
2024,11150610,양천구,신월5동,12.3601,7,매우 낮음,6,14
2024,11170520,구로구,구로1동,12.2877,7,매우 낮음,6,14
2024,11010550,종로구,부암동,12.2534,7,매우 낮음,7,18
2024,11030590,용산구,용문동,11.9949,7,매우 낮음,7,18
2024,11210650,관악구,신원동,11.7549,7,매우 낮음,7,15
2024,11040580,성동구,응봉동,11.7384,7,매우 낮음,7,18
2024,11040690,성동구,송정동,11.6127,7,매우 낮음,8,19
2024,11200660,동작구,사당4동,11.4941,7,매우 낮음,6,14
2024,11140700,마포구,망원2동,11.4142,7,매우 낮음,6,14
2024,11060900,동대문구,이문2동,11.1138,7,매우 낮음,6,14
2024,11030700,용산구,보광동,10.8784,7,매우 낮음,7,18
2024,11250770,강동구,상일2동,10.7172,7,매우 낮음,5,12
2024,11160570,강서구,화곡2동,10.4649,7,매우 낮음,6,14
2024,11150620,양천구,신월6동,10.1415,7,매우 낮음,6,14
2024,11210710,관악구,난향동,10.1205,7,매우 낮음,6,14
2024,11010600,종로구,가회동,9.995,7,매우 낮음,8,19
2024,11190670,영등포구,신길5동,9.3909,7,매우 낮음,6,14
2024,11240780,송파구,잠실7동,9.0527,7,매우 낮음,6,14
2024,11240510,송파구,풍납1동,8.9426,7,매우 낮음,6,14
2024,11130650,서대문구,홍제2동,8.678,7,매우 낮음,6,14
2024,11250700,강동구,둔촌1동,8.65,7,매우 낮음,7,15
2024,11180590,금천구,시흥3동,8.2682,7,매우 낮음,6,14
2024,11030660,용산구,이태원2동,7.3776,7,매우 낮음,7,15
2024,11030640,용산구,이촌2동,5.8006,7,매우 낮음,7,15
2024,11220560,서초구,반포본동,4.1385,7,매우 낮음,6,14
2025,11190540,영등포구,여의동,52.4773,1,매우 높음,7,18
2025,11230640,강남구,역삼1동,51.2257,1,매우 높음,8,19
2025,11140660,마포구,서교동,50.1447,1,매우 높음,8,19
2025,11010610,종로구,종로1·2·3·4가동,43.9226,1,매우 높음,9,21
2025,11140740,마포구,상암동,43.4492,1,매우 높음,7,18
2025,11220530,서초구,서초3동,43.1232,1,매우 높음,7,15
2025,11030730,용산구,한강로동,39.9907,1,매우 높음,7,18
2025,11230590,강남구,삼성2동,39.2651,1,매우 높음,7,18
2025,11020550,송파구,명동,38.6911,1,매우 높음,9,21
2025,11160751,강서구,가양1동,38.319,1,매우 높음,8,19
2025,11210800,관악구,청룡동,38.3002,1,매우 높음,7,18
2025,11230580,강남구,삼성1동,38.1181,1,매우 높음,6,14
2025,11180510,금천구,가산동,37.8501,1,매우 높음,8,19
2025,11020540,중구,회현동,37.4596,1,매우 높음,9,21
2025,11190740,영등포구,영등포동,37.0743,1,매우 높음,7,18
2025,11020590,중구,광희동,36.626,1,매우 높음,9,21
2025,11170540,구로구,구로3동,35.5602,1,매우 높음,6,14
2025,11160740,강서구,우장산동,35.0567,1,매우 높음,7,18
2025,11240770,송파구,잠실6동,34.5797,1,매우 높음,8,19
2025,11230650,강남구,역삼2동,34.3887,1,매우 높음,7,15
2025,11110560,노원구,공릉2동,34.3116,1,매우 높음,8,20
2025,11250740,강동구,길동,34.1615,1,매우 높음,7,18
2025,11250730,강동구,천호2동,33.7259,1,매우 높음,6,14
2025,11120710,은평구,진관동,33.4254,1,매우 높음,7,18
2025,11240650,송파구,가락본동,32.8955,1,매우 높음,7,18
2025,11220520,서초구,서초2동,32.8882,1,매우 높음,7,18
2025,11150660,양천구,신정3동,32.8401,1,매우 높음,7,18
2025,11080840,성북구,종암동,32.7077,1,매우 높음,8,20
2025,11110660,노원구,상계2동,32.451,1,매우 높음,8,19
2025,11070730,중랑구,망우본동,32.2838,1,매우 높음,7,18
2025,11200630,동작구,사당1동,32.2208,1,매우 높음,7,18
2025,11130750,서대문구,신촌동,32.1931,1,매우 높음,7,18
2025,11190560,영등포구,당산2동,32.1037,1,매우 높음,7,18
2025,11010530,종로구,사직동,31.7824,1,매우 높음,9,21
2025,11170560,구로구,구로5동,31.6171,1,매우 높음,6,14
2025,11060810,동대문구,용신동,31.4744,1,매우 높음,7,18
2025,11240710,송파구,잠실본동,31.4045,1,매우 높음,8,19
2025,11220660,서초구,양재1동,31.3066,1,매우 높음,8,19
2025,11170510,구로구,신도림동,31.27,1,매우 높음,7,18
2025,11200680,동작구,대방동,31.2676,1,매우 높음,7,18
2025,11100630,도봉구,창5동,31.1434,1,매우 높음,8,20
2025,11150720,양천구,신정4동,31.1185,1,매우 높음,7,15
2025,11090710,강북구,송중동,30.9355,1,매우 높음,8,20
2025,11090700,강북구,미아동,30.6909,1,매우 높음,8,17
2025,11240630,송파구,석촌동,30.2135,1,매우 높음,7,18
2025,11230780,강남구,청담동,30.1966,1,매우 높음,7,18
2025,11230770,강남구,압구정동,30.1367,1,매우 높음,8,19
2025,11230760,강남구,세곡동,30.0772,1,매우 높음,7,18
2025,11200720,동작구,노량진1동,30.066,1,매우 높음,7,18
2025,11240690,송파구,문정2동,30.0157,1,매우 높음,7,18
2025,11060820,동대문구,제기동,29.9653,1,매우 높음,7,18
2025,11160540,강서구,등촌3동,29.5783,1,매우 높음,6,14
2025,11080850,성북구,석관동,29.5242,1,매우 높음,8,20
2025,11060830,동대문구,전농1동,29.3186,1,매우 높음,7,18
2025,11210690,관악구,신림동,29.2696,1,매우 높음,7,18
2025,11020520,중구,소공동,29.1586,1,매우 높음,9,21
2025,11010730,종로구,혜화동,29.1258,1,매우 높음,8,20
2025,11060880,동대문구,장안2동,29.1017,1,매우 높음,7,18
2025,11050530,광진구,화양동,28.9995,1,매우 높음,8,19
2025,11110510,노원구,월계1동,28.9953,1,매우 높음,8,20
2025,11240600,송파구,오금동,28.933,1,매우 높음,7,18
2025,11230520,강남구,논현1동,28.754,2,높음,8,19
2025,11180570,금천구,시흥1동,28.6082,2,높음,6,14
2025,11040680,성동구,성수2가3동,28.4685,2,높음,8,19
2025,11190760,영등포구,문래동,28.4212,2,높음,8,19
2025,11160510,강서구,염창동,28.2515,2,높음,7,18
2025,11190550,영등포구,당산1동,28.244,2,높음,7,18
2025,11240580,송파구,방이2동,28.0073,2,높음,6,14
2025,11160550,강서구,화곡본동,27.9986,2,높음,7,18
2025,11110790,노원구,공릉1동,27.9488,2,높음,8,17
2025,11200530,동작구,상도1동,27.9464,2,높음,8,19
2025,11200710,동작구,흑석동,27.941,2,높음,7,18
2025,11250750,강동구,강일동,27.9244,2,높음,7,18
2025,11080660,성북구,길음1동,27.8707,2,높음,7,16
2025,11140780,마포구,아현동,27.8584,2,높음,7,18
2025,11110650,노원구,상계1동,27.638,2,높음,6,14
2025,11110770,노원구,상계6·7동,27.5855,2,높음,6,14
2025,11220510,서초구,서초1동,27.4648,2,높음,6,14
2025,11230630,강남구,대치4동,27.4476,2,높음,8,19
2025,11160730,강서구,화곡1동,27.4423,2,높음,7,15
2025,11100550,도봉구,방학1동,27.358,2,높음,7,16
2025,11240800,송파구,잠실3동,27.331,2,높음,6,14
2025,11050670,광진구,자양4동,27.2458,2,높음,7,18
2025,11100650,도봉구,도봉2동,27.2426,2,높음,7,16
2025,11230530,강남구,논현2동,27.2234,2,높음,6,14
2025,11080720,성북구,월곡2동,27.1819,2,높음,8,20
2025,11190620,영등포구,양평2동,27.169,2,높음,7,18
2025,11020600,중구,을지로동,27.0747,2,높음,8,20
2025,11080820,성북구,삼선동,26.9157,2,높음,8,20
2025,11110580,노원구,하계1동,26.7065,2,높음,8,20
2025,11050620,광진구,구의3동,26.6453,2,높음,6,14
2025,11250760,강동구,상일1동,26.615,2,높음,6,16
2025,11060870,동대문구,장안1동,26.6081,2,높음,6,14
2025,11120520,은평구,불광1동,26.5986,2,높음,7,18
2025,11140770,마포구,공덕동,26.3822,2,높음,7,18
2025,11100640,도봉구,도봉1동,26.3117,2,높음,8,20
2025,11080830,성북구,동선동,26.2973,2,높음,8,20
2025,11160670,강서구,발산1동,26.2244,2,높음,7,18
2025,11040710,성동구,왕십리도선동,26.2193,2,높음,7,18
2025,11060800,동대문구,청량리동,26.1777,2,높음,8,20
2025,11240640,송파구,삼전동,26.1724,2,높음,7,18
2025,11220550,서초구,잠원동,26.1715,2,높음,7,18
2025,11230800,강남구,개포2동,26.1349,2,높음,7,15
2025,11130760,서대문구,연희동,26.0256,2,높음,7,18
2025,11170710,구로구,구로2동,25.9644,2,높음,6,14
2025,11180520,금천구,독산1동,25.9476,2,높음,6,14
2025,11240820,송파구,위례동,25.9406,2,높음,6,14
2025,11130730,서대문구,충현동,25.8806,2,높음,7,18
2025,11220590,서초구,반포3동,25.8102,2,높음,7,15
2025,11150540,양천구,목4동,25.7853,2,높음,7,18
2025,11090740,강북구,우이동,25.7491,2,높음,8,20
2025,11170550,구로구,구로4동,25.6628,2,높음,8,19
2025,11070710,중랑구,면목본동,25.5546,2,높음,6,14
2025,11080680,성북구,길음2동,25.5165,2,높음,8,20
2025,11200560,동작구,상도4동,25.503,2,높음,7,15
2025,11120740,은평구,역촌동,25.4881,2,높음,7,18
2025,11170720,구로구,개봉1동,25.4213,2,높음,6,14
2025,11070690,중랑구,신내1동,25.3241,2,높음,7,18
2025,11190720,영등포구,대림3동,25.2657,2,높음,6,14
2025,11140600,마포구,대흥동,25.1622,2,높음,7,18
2025,11050610,광진구,구의2동,25.1517,2,높음,6,14
2025,11250710,강동구,둔촌2동,25.1176,2,높음,7,18
2025,11100510,도봉구,쌍문1동,25.0918,3,다소 높음,7,16
2025,11100620,도봉구,창4동,25.0106,3,다소 높음,7,16
2025,11120730,은평구,응암3동,24.9636,3,다소 높음,7,18
2025,11080650,성북구,정릉4동,24.9148,3,다소 높음,8,20
2025,11060910,동대문구,답십리1동,24.816,3,다소 높음,7,18
2025,11130700,서대문구,남가좌2동,24.7734,3,다소 높음,7,18
2025,11040560,성동구,행당1동,24.7415,3,다소 높음,7,18
2025,11140730,마포구,성산2동,24.714,3,다소 높음,8,19
2025,11120580,은평구,대조동,24.5023,3,다소 높음,8,19
2025,11120570,은평구,구산동,24.4676,3,다소 높음,7,18
2025,11250720,강동구,암사1동,24.3709,3,다소 높음,7,15
2025,11090650,강북구,수유3동,24.3315,3,다소 높음,7,16
2025,11200730,동작구,사당2동,24.2492,3,다소 높음,8,19
2025,11070620,중랑구,중화2동,24.1428,3,다소 높음,8,19
2025,11170620,구로구,고척2동,24.129,3,다소 높음,8,19
2025,11090720,강북구,송천동,23.9903,3,다소 높음,7,16
2025,11070600,중랑구,상봉2동,23.9709,3,다소 높음,7,18
2025,11090690,강북구,삼양동,23.8993,3,다소 높음,7,16
2025,11080600,성북구,안암동,23.8866,3,다소 높음,8,20
2025,11210730,관악구,대학동,23.8701,3,다소 높음,6,14
2025,11200690,동작구,신대방1동,23.8609,3,다소 높음,7,18
2025,11070640,중랑구,묵1동,23.8436,3,다소 높음,7,18
2025,11240610,송파구,송파1동,23.8081,3,다소 높음,7,18
2025,11150520,양천구,목2동,23.7488,3,다소 높음,6,14
2025,11090730,강북구,삼각산동,23.7401,3,다소 높음,7,16
2025,11110760,노원구,상계3·4동,23.638,3,다소 높음,7,16
2025,11170730,구로구,오류2동,23.6111,3,다소 높음,7,18
2025,11020700,중구,다산동,23.6061,3,다소 높음,7,18
2025,11150710,양천구,목5동,23.5954,3,다소 높음,6,14
2025,11230790,강남구,대치2동,23.5408,3,다소 높음,7,15
2025,11100570,도봉구,방학3동,23.5281,3,다소 높음,7,16
2025,11220540,서초구,서초4동,23.458,3,다소 높음,7,15
2025,11250530,강동구,명일1동,23.3961,3,다소 높음,7,18
2025,11220600,서초구,반포4동,23.2811,3,다소 높음,7,18
2025,11230660,강남구,도곡1동,23.2682,3,다소 높음,6,14
2025,11170610,구로구,고척1동,23.2654,3,다소 높음,6,14
2025,11220680,서초구,내곡동,23.2521,3,다소 높음,7,18
2025,11010630,종로구,종로5·6가동,23.1483,3,다소 높음,8,20
2025,11240540,송파구,거여2동,23.141,3,다소 높음,6,14
2025,11020570,중구,필동,23.1184,3,다소 높음,8,20
2025,11140760,마포구,서강동,23.1176,3,다소 높음,7,18
2025,11210780,관악구,은천동,23.0791,3,다소 높음,6,14
2025,11140690,마포구,망원1동,22.988,3,다소 높음,8,19
2025,11050630,광진구,광장동,22.9588,3,다소 높음,8,19
2025,11240520,송파구,풍납2동,22.9131,3,다소 높음,7,18
2025,11220670,서초구,양재2동,22.8413,3,다소 높음,7,18
2025,11160710,강서구,방화2동,22.7563,3,다소 높음,7,18
2025,11120660,은평구,신사2동,22.7005,3,다소 높음,7,18
2025,11080610,성북구,보문동,22.6994,3,다소 높음,8,20
2025,11030740,용산구,한남동,22.6976,3,다소 높음,7,18
2025,11130620,서대문구,홍제1동,22.6385,3,다소 높음,7,18
2025,11060730,동대문구,휘경2동,22.62,3,다소 높음,7,18
2025,11110600,노원구,중계본동,22.6193,3,다소 높음,7,18
2025,11120670,은평구,증산동,22.6097,3,다소 높음,7,18
2025,11120510,은평구,녹번동,22.5082,3,다소 높음,8,19
2025,11240810,송파구,장지동,22.4839,3,다소 높음,6,14
2025,11080710,성북구,월곡1동,22.4737,3,다소 높음,7,16
2025,11230710,강남구,개포4동,22.4661,3,다소 높음,7,18
2025,11220570,서초구,반포1동,22.3246,3,다소 높음,6,14
2025,11160700,강서구,방화1동,22.2205,3,다소 높음,7,15
2025,11110780,노원구,중계2·3동,22.2167,3,다소 높음,6,14
2025,11200550,동작구,상도3동,22.205,4,보통,7,18
2025,11100600,도봉구,창2동,22.1787,4,보통,8,17
2025,11100590,도봉구,창1동,22.1468,4,보통,8,17
2025,11160690,강서구,공항동,22.1274,4,보통,8,19
2025,11040730,성동구,옥수동,22.1229,4,보통,7,18
2025,11040540,성동구,마장동,22.06,4,보통,7,18
2025,11090640,강북구,수유2동,21.9844,4,보통,7,16
2025,11250670,강동구,성내3동,21.9824,4,보통,6,14
2025,11020710,중구,약수동,21.9417,4,보통,7,16
2025,11250610,강동구,천호1동,21.9388,4,보통,8,19
2025,11110520,노원구,월계2동,21.9151,4,보통,7,16
2025,11090750,강북구,인수동,21.9092,4,보통,7,16
2025,11060890,동대문구,이문1동,21.8804,4,보통,7,18
2025,11140750,마포구,도화동,21.8308,4,보통,7,18
2025,11150530,양천구,목3동,21.829,4,보통,7,15
2025,11050540,광진구,군자동,21.8174,4,보통,7,18
2025,11120550,은평구,갈현1동,21.6948,4,보통,7,18
2025,11080810,성북구,성북동,21.6724,4,보통,8,20
2025,11120590,은평구,응암1동,21.5788,4,보통,6,14
2025,11230750,강남구,수서동,21.5631,4,보통,8,19
2025,11030710,용산구,청파동,21.5366,4,보통,7,18
2025,11190730,영등포구,영등포본동,21.3095,4,보통,6,14
2025,11250550,강동구,고덕1동,21.2952,4,보통,7,18
2025,11050650,광진구,자양2동,21.2826,4,보통,6,14
2025,11100540,도봉구,쌍문4동,21.2148,4,보통,8,20
2025,11150700,양천구,신정7동,21.205,4,보통,6,14
2025,11240790,송파구,잠실2동,21.189,4,보통,6,14
2025,11100520,도봉구,쌍문2동,21.1313,4,보통,7,16
2025,11050560,광진구,중곡2동,21.1137,4,보통,7,18
2025,11030530,용산구,남영동,21.1093,4,보통,7,18
2025,11150510,양천구,목1동,21.1083,4,보통,6,14
2025,11090600,강북구,번1동,21.0796,4,보통,7,16
2025,11170650,구로구,개봉3동,21.0777,4,보통,7,18
2025,11090610,강북구,번2동,21.0719,4,보통,8,20
2025,11230670,강남구,도곡2동,21.0207,4,보통,7,18
2025,11050640,광진구,자양1동,21.0203,4,보통,7,15
2025,11080760,성북구,장위1동,20.9413,4,보통,7,16
2025,11210720,관악구,조원동,20.9393,4,보통,6,14
2025,11170670,구로구,오류1동,20.8204,4,보통,7,18
2025,11160520,강서구,등촌1동,20.82,4,보통,8,19
2025,11040700,성동구,용답동,20.8147,4,보통,7,18
2025,11170690,구로구,수궁동,20.7948,4,보통,7,18
2025,11040720,성동구,금호2·3가동,20.6707,4,보통,7,18
2025,11110530,노원구,월계3동,20.6662,4,보통,7,16
2025,11230510,강남구,신사동,20.598,4,보통,7,15
2025,11010580,종로구,교남동,20.5707,4,보통,8,20
2025,11010670,종로구,창신1동,20.4994,4,보통,8,20
2025,11240660,송파구,가락1동,20.4943,4,보통,6,14
2025,11250630,강동구,천호3동,20.414,4,보통,6,14
2025,11090630,강북구,수유1동,20.4096,4,보통,7,15
2025,11140590,마포구,용강동,20.3987,4,보통,7,18
2025,11130680,서대문구,홍은2동,20.356,4,보통,7,18
2025,11060860,동대문구,답십리2동,20.3507,4,보통,6,14
2025,11140680,마포구,합정동,20.269,4,보통,7,18
2025,11130720,서대문구,북가좌2동,20.2457,4,보통,7,18
2025,11010560,종로구,평창동,20.2308,4,보통,8,20
2025,11250560,강동구,고덕2동,20.2144,4,보통,6,14
2025,11080630,성북구,정릉2동,20.1387,4,보통,7,16
2025,11210830,관악구,미성동,20.122,4,보통,6,14
2025,11200700,동작구,신대방2동,20.0917,4,보통,6,14
2025,11050580,광진구,중곡4동,20.0797,5,다소 낮음,6,14
2025,11240680,송파구,문정1동,19.9947,5,다소 낮음,7,18
2025,11020670,중구,황학동,19.7535,5,다소 낮음,8,20
2025,11020690,중구,신당동,19.7221,5,다소 낮음,9,21
2025,11030630,용산구,이촌1동,19.6048,5,다소 낮음,7,18
2025,11030510,용산구,후암동,19.602,5,다소 낮음,7,18
2025,11250650,강동구,성내1동,19.5805,5,다소 낮음,8,19
2025,11180550,금천구,독산4동,19.5784,5,다소 낮음,8,19
2025,11150590,양천구,신월3동,19.5433,5,다소 낮음,7,18
2025,11240670,송파구,가락2동,19.528,5,다소 낮음,6,14
2025,11160610,강서구,화곡6동,19.5161,5,다소 낮음,6,14
2025,11160630,강서구,화곡8동,19.4857,5,다소 낮음,6,14
2025,11020680,중구,중림동,19.4302,5,다소 낮음,7,18
2025,11220620,서초구,방배1동,19.4266,5,다소 낮음,6,14
2025,11220640,서초구,방배3동,19.3203,5,다소 낮음,7,18
2025,11120680,은평구,수색동,19.2969,5,다소 낮음,7,18
2025,11050660,광진구,자양3동,19.259,5,다소 낮음,6,14
2025,11210570,관악구,행운동,19.2263,5,다소 낮음,6,14
2025,11110690,노원구,상계5동,19.2164,5,다소 낮음,6,14
2025,11220630,서초구,방배2동,19.1747,5,다소 낮음,7,15
2025,11120560,은평구,갈현2동,19.17,5,다소 낮음,6,14
2025,11100530,도봉구,쌍문3동,19.1595,5,다소 낮음,7,16
2025,11140610,마포구,염리동,19.1498,5,다소 낮음,6,14
2025,11010710,종로구,숭인2동,19.1182,5,다소 낮음,8,20
2025,11210790,관악구,성현동,19.0977,5,다소 낮음,6,14
2025,11230680,강남구,개포1동,19.0514,5,다소 낮음,6,14
2025,11220650,서초구,방배4동,19.0307,5,다소 낮음,6,14
2025,11240560,송파구,마천2동,19.0222,5,다소 낮음,7,18
2025,11030720,용산구,원효로1동,18.9177,5,다소 낮음,7,18
2025,11050600,광진구,구의1동,18.8364,5,다소 낮음,8,19
2025,11110640,노원구,중계4동,18.7824,5,다소 낮음,6,14
2025,11200650,동작구,사당3동,18.7394,5,다소 낮음,6,14
2025,11040650,성동구,성수1가1동,18.6691,5,다소 낮음,8,19
2025,11080580,성북구,돈암1동,18.6174,5,다소 낮음,8,20
2025,11190610,영등포구,양평1동,18.6024,5,다소 낮음,7,18
2025,11050590,광진구,능동,18.5827,5,다소 낮음,7,18
2025,11070720,중랑구,면목3·8동,18.5736,5,다소 낮음,6,14
2025,11240570,송파구,방이1동,18.5105,5,다소 낮음,7,18
2025,11230720,강남구,일원본동,18.4453,5,다소 낮음,6,14
2025,11070590,중랑구,상봉1동,18.3324,5,다소 낮음,6,14
2025,11250540,강동구,명일2동,17.9937,5,다소 낮음,6,14
2025,11040570,성동구,행당2동,17.9785,5,다소 낮음,6,14
2025,11010640,종로구,이화동,17.8512,5,다소 낮음,8,19
2025,11040620,성동구,금호4가동,17.8499,5,다소 낮음,7,18
2025,11040520,성동구,왕십리2동,17.8242,5,다소 낮음,7,18
2025,11130520,서대문구,천연동,17.8144,5,다소 낮음,8,19
2025,11200540,동작구,상도2동,17.8044,5,다소 낮음,6,14
2025,11180580,금천구,시흥2동,17.801,5,다소 낮음,7,15
2025,11230600,강남구,대치1동,17.726,5,다소 낮음,6,14
2025,11060840,동대문구,전농2동,17.7259,5,다소 낮음,6,14
2025,11010720,종로구,청운효자동,17.713,5,다소 낮음,7,18
2025,11080590,성북구,돈암2동,17.6588,5,다소 낮음,7,16
2025,11190710,영등포구,대림2동,17.5939,5,다소 낮음,7,18
2025,11180540,금천구,독산3동,17.473,5,다소 낮음,6,14
2025,11230730,강남구,일원1동,17.4575,5,다소 낮음,7,18
2025,11020730,중구,동화동,17.4153,5,다소 낮음,7,16
2025,11100610,도봉구,창3동,17.403,5,다소 낮음,8,17
2025,11250660,강동구,성내2동,17.3911,5,다소 낮음,6,14
2025,11100560,도봉구,방학2동,17.3418,5,다소 낮음,7,18
2025,11120720,은평구,불광2동,17.3366,5,다소 낮음,6,14
2025,11070700,중랑구,신내2동,17.3358,5,다소 낮음,6,14
2025,11020650,중구,신당5동,17.327,6,낮음,7,16
2025,11160761,강서구,방화3동,17.3041,6,낮음,8,19
2025,11240750,송파구,잠실4동,17.2919,6,낮음,6,14
2025,11240530,송파구,거여1동,17.1858,6,낮음,7,18
2025,11170640,구로구,개봉2동,17.1736,6,낮음,6,14
2025,11150630,양천구,신월7동,17.1411,6,낮음,6,14
2025,11150570,양천구,신월1동,16.9686,6,낮음,7,15
2025,11080780,성북구,장위3동,16.9038,6,낮음,7,16
2025,11160580,강서구,화곡3동,16.8313,6,낮음,6,14
2025,11210630,관악구,남현동,16.7901,6,낮음,7,18
2025,11080620,성북구,정릉1동,16.7872,6,낮음,7,16
2025,11170740,구로구,항동,16.7857,6,낮음,6,16
2025,11160590,강서구,화곡4동,16.7391,6,낮음,6,14
2025,11040660,성동구,성수1가2동,16.6875,6,낮음,7,15
2025,11030650,용산구,이태원1동,16.6443,6,낮음,7,18
2025,11080640,성북구,정릉3동,16.6095,6,낮음,7,16
2025,11070520,중랑구,면목2동,16.5915,6,낮음,6,14
2025,11210810,관악구,난곡동,16.5732,6,낮음,6,14
2025,11210520,관악구,보라매동,16.5693,6,낮음,6,14
2025,11040590,성동구,금호1가동,16.4404,6,낮음,7,18
2025,11140710,마포구,연남동,16.4,6,낮음,7,18
2025,11120650,은평구,신사1동,16.3876,6,낮음,6,14
2025,11150600,양천구,신월4동,16.343,6,낮음,6,14
2025,11140630,마포구,신수동,16.1965,6,낮음,7,18
2025,11070570,중랑구,면목7동,16.1497,6,낮음,6,14
2025,11190750,영등포구,도림동,16.1189,6,낮음,7,18
2025,11080770,성북구,장위2동,16.0955,6,낮음,7,18
2025,11210580,관악구,낙성대동,16.0038,6,낮음,7,15
2025,11050570,광진구,중곡3동,15.8081,6,낮음,6,14
2025,11130640,서대문구,홍제3동,15.793,6,낮음,7,15
2025,11140720,마포구,성산1동,15.7538,6,낮음,6,14
2025,11090620,강북구,번3동,15.744,6,낮음,8,17
2025,11070650,중랑구,묵2동,15.7261,6,낮음,7,15
2025,11220580,서초구,반포2동,15.6872,6,낮음,7,15
2025,11070550,중랑구,면목5동,15.6582,6,낮음,7,18
2025,11010700,종로구,숭인1동,15.5793,6,낮음,7,16
2025,11110720,노원구,상계8동,15.5094,6,낮음,6,14
2025,11020580,중구,장충동,15.4411,6,낮음,7,18
2025,11060710,동대문구,회기동,15.4402,6,낮음,7,18
2025,11130660,서대문구,홍은1동,15.3849,6,낮음,6,14
2025,11210640,관악구,서원동,15.2479,6,낮음,6,14
2025,11030580,용산구,효창동,15.1556,6,낮음,7,18
2025,11190680,영등포구,신길6동,15.1202,6,낮음,6,14
2025,11040670,성동구,성수2가1동,15.1097,6,낮음,6,14
2025,11190660,영등포구,신길4동,15.0971,6,낮음,7,18
2025,11110740,노원구,상계10동,15.0775,6,낮음,6,14
2025,11180600,금천구,시흥4동,15.043,6,낮음,7,18
2025,11020720,중구,청구동,15.0295,6,낮음,7,16
2025,11210660,관악구,서림동,14.9811,6,낮음,6,14
2025,11240550,송파구,마천1동,14.9782,6,낮음,6,14
2025,11150640,양천구,신정1동,14.8579,6,낮음,6,14
2025,11010570,종로구,무악동,14.8398,6,낮음,8,20
2025,11050550,광진구,중곡1동,14.7568,6,낮음,7,15
2025,11230511,강남구,개포3동,14.7467,6,낮음,6,14
2025,11210620,관악구,인헌동,14.7279,6,낮음,6,14
2025,11190650,영등포구,신길3동,14.6988,6,낮음,6,14
2025,11040550,성동구,사근동,14.6948,6,낮음,7,18
2025,11250580,강동구,암사2동,14.6456,6,낮음,6,14
2025,11190700,영등포구,대림1동,14.6249,6,낮음,6,14
2025,11240590,송파구,오륜동,14.6244,6,낮음,6,14
2025,11150580,양천구,신월2동,14.6076,6,낮음,6,14
2025,11160530,강서구,등촌2동,14.578,7,매우 낮음,6,14
2025,11070610,중랑구,중화1동,14.5073,7,매우 낮음,6,14
2025,11030690,용산구,서빙고동,14.4806,7,매우 낮음,7,18
2025,11240620,송파구,송파2동,14.463,7,매우 낮음,6,14
2025,11110730,노원구,상계9동,14.4283,7,매우 낮음,6,14
2025,11170700,구로구,가리봉동,14.4217,7,매우 낮음,7,18
2025,11110590,노원구,하계2동,14.4161,7,매우 낮음,7,16
2025,11180530,금천구,독산2동,14.402,7,매우 낮음,6,14
2025,11180610,금천구,시흥5동,14.3751,7,매우 낮음,6,14
2025,11190630,영등포구,신길1동,14.2369,7,매우 낮음,6,14
2025,11190690,영등포구,신길7동,14.2044,7,매우 낮음,6,14
2025,11250590,강동구,암사3동,14.1314,7,매우 낮음,8,19
2025,11150650,양천구,신정2동,14.0118,7,매우 낮음,6,14
2025,11160650,강서구,가양2동,13.983,7,매우 낮음,6,14
2025,11060720,동대문구,휘경1동,13.8372,7,매우 낮음,6,14
2025,11110610,노원구,중계1동,13.7896,7,매우 낮음,6,14
2025,11130690,서대문구,남가좌1동,13.7654,7,매우 낮음,6,14
2025,11150690,양천구,신정6동,13.7465,7,매우 낮음,6,14
2025,11070540,중랑구,면목4동,13.688,7,매우 낮음,6,14
2025,11010690,종로구,창신3동,13.6674,7,매우 낮음,7,16
2025,11210680,관악구,신사동,13.631,7,매우 낮음,6,14
2025,11210610,관악구,중앙동,13.5286,7,매우 낮음,6,14
2025,11030520,용산구,용산2가동,13.5127,7,매우 낮음,7,18
2025,11070680,중랑구,망우3동,13.4858,7,매우 낮음,6,14
2025,11130740,서대문구,북아현동,13.3189,7,매우 낮음,6,14
2025,11030570,용산구,원효로2동,13.1015,7,매우 낮음,7,18
2025,11120600,은평구,응암2동,13.0048,7,매우 낮음,6,14
2025,11160660,강서구,가양3동,13.0046,7,매우 낮음,6,14
2025,11210540,관악구,청림동,12.9903,7,매우 낮음,6,14
2025,11200520,동작구,노량진2동,12.9827,7,매우 낮음,6,14
2025,11210820,관악구,삼성동,12.9652,7,매우 낮음,6,14
2025,11010540,종로구,삼청동,12.942,7,매우 낮음,8,19
2025,11200670,동작구,사당5동,12.6718,7,매우 낮음,6,14
2025,11220610,서초구,방배본동,12.5715,7,매우 낮음,6,14
2025,11130710,서대문구,북가좌1동,12.4502,7,매우 낮음,6,14
2025,11010680,종로구,창신2동,12.4181,7,매우 낮음,6,14
2025,11170520,구로구,구로1동,12.3338,7,매우 낮음,6,14
2025,11150610,양천구,신월5동,12.3194,7,매우 낮음,6,14
2025,11040580,성동구,응봉동,12.1558,7,매우 낮음,7,18
2025,11030590,용산구,용문동,11.9735,7,매우 낮음,7,18
2025,11010550,종로구,부암동,11.8316,7,매우 낮음,7,18
2025,11210650,관악구,신원동,11.7266,7,매우 낮음,7,15
2025,11200660,동작구,사당4동,11.4897,7,매우 낮음,6,14
2025,11040690,성동구,송정동,11.4202,7,매우 낮음,8,19
2025,11140700,마포구,망원2동,11.3652,7,매우 낮음,6,14
2025,11060900,동대문구,이문2동,11.1008,7,매우 낮음,6,14
2025,11250770,강동구,상일2동,10.7243,7,매우 낮음,5,12
2025,11030700,용산구,보광동,10.6003,7,매우 낮음,7,18
2025,11160570,강서구,화곡2동,10.4742,7,매우 낮음,6,14
2025,11150620,양천구,신월6동,10.1123,7,매우 낮음,6,14
2025,11210710,관악구,난향동,10.1006,7,매우 낮음,6,14
2025,11010600,종로구,가회동,9.9535,7,매우 낮음,8,19
2025,11190670,영등포구,신길5동,9.3308,7,매우 낮음,6,14
2025,11240780,송파구,잠실7동,9.0425,7,매우 낮음,6,14
2025,11240510,송파구,풍납1동,8.9348,7,매우 낮음,6,14
2025,11250700,강동구,둔촌1동,8.7747,7,매우 낮음,7,15
2025,11130650,서대문구,홍제2동,8.6354,7,매우 낮음,6,14
2025,11180590,금천구,시흥3동,8.2508,7,매우 낮음,6,14
2025,11030660,용산구,이태원2동,7.4506,7,매우 낮음,7,15
2025,11030640,용산구,이촌2동,5.7733,7,매우 낮음,7,15
2025,11220560,서초구,반포본동,4.1206,7,매우 낮음,6,14
2026,11190540,영등포구,여의동,51.1898,1,매우 높음,7,18
2026,11230640,강남구,역삼1동,50.8152,1,매우 높음,8,19
2026,11140660,마포구,서교동,50.7247,1,매우 높음,8,19
2026,11010610,종로구,종로1·2·3·4가동,44.024,1,매우 높음,9,21
2026,11140740,마포구,상암동,43.1533,1,매우 높음,7,18
2026,11220530,서초구,서초3동,43.1232,1,매우 높음,7,15
2026,11030730,용산구,한강로동,40.0674,1,매우 높음,7,18
2026,11020550,송파구,명동,39.2147,1,매우 높음,9,21
2026,11230590,강남구,삼성2동,38.6226,1,매우 높음,7,18
2026,11180510,금천구,가산동,38.2414,1,매우 높음,8,19
2026,11230580,강남구,삼성1동,38.1181,1,매우 높음,6,14
2026,11210800,관악구,청룡동,37.9331,1,매우 높음,7,18
2026,11160751,강서구,가양1동,37.9122,1,매우 높음,8,19
2026,11020540,중구,회현동,37.5479,1,매우 높음,9,21
2026,11020590,중구,광희동,37.4677,1,매우 높음,9,21
2026,11190740,영등포구,영등포동,37.2998,1,매우 높음,7,18
2026,11170540,구로구,구로3동,35.5602,1,매우 높음,6,14
2026,11160740,강서구,우장산동,35.1543,1,매우 높음,7,18
2026,11110560,노원구,공릉2동,34.5921,1,매우 높음,8,20
2026,11230650,강남구,역삼2동,34.3887,1,매우 높음,7,15
2026,11240770,송파구,잠실6동,33.9546,1,매우 높음,8,19
2026,11250730,강동구,천호2동,33.7259,1,매우 높음,6,14
2026,11120710,은평구,진관동,33.3442,1,매우 높음,7,18
2026,11110660,노원구,상계2동,33.279,1,매우 높음,8,19
2026,11250740,강동구,길동,33.1614,1,매우 높음,7,18
2026,11070730,중랑구,망우본동,32.7109,1,매우 높음,7,18
2026,11130750,서대문구,신촌동,32.327,1,매우 높음,7,18
2026,11080840,성북구,종암동,32.3054,1,매우 높음,8,20
2026,11010530,종로구,사직동,32.0432,1,매우 높음,9,21
2026,11220520,서초구,서초2동,31.8494,1,매우 높음,7,18
2026,11240650,송파구,가락본동,31.7858,1,매우 높음,7,18
2026,11200630,동작구,사당1동,31.776,1,매우 높음,7,18
2026,11170560,구로구,구로5동,31.6171,1,매우 높음,6,14
2026,11100630,도봉구,창5동,31.5618,1,매우 높음,8,20
2026,11220660,서초구,양재1동,31.5231,1,매우 높음,8,19
2026,11170510,구로구,신도림동,31.5106,1,매우 높음,7,18
2026,11060810,동대문구,용신동,31.4346,1,매우 높음,7,18
2026,11150720,양천구,신정4동,31.1185,1,매우 높음,7,15
2026,11090710,강북구,송중동,31.0913,1,매우 높음,8,20
2026,11200680,동작구,대방동,31.0098,1,매우 높음,7,18
2026,11150660,양천구,신정3동,30.9744,1,매우 높음,7,18
2026,11240710,송파구,잠실본동,30.7899,1,매우 높음,8,19
2026,11090700,강북구,미아동,30.6909,1,매우 높음,8,17
2026,11240630,송파구,석촌동,30.634,1,매우 높음,7,18
2026,11190560,영등포구,당산2동,30.4243,1,매우 높음,7,18
2026,11050530,광진구,화양동,30.1182,1,매우 높음,8,19
2026,11230760,강남구,세곡동,30.0308,1,매우 높음,7,18
2026,11230770,강남구,압구정동,29.9916,1,매우 높음,8,19
2026,11240690,송파구,문정2동,29.9731,1,매우 높음,7,18
2026,11060820,동대문구,제기동,29.9334,1,매우 높음,7,18
2026,11200720,동작구,노량진1동,29.921,1,매우 높음,7,18
2026,11230780,강남구,청담동,29.8233,1,매우 높음,7,18
2026,11010730,종로구,혜화동,29.7874,1,매우 높음,8,20
2026,11160540,강서구,등촌3동,29.5783,1,매우 높음,6,14
2026,11210690,관악구,신림동,29.5701,1,매우 높음,7,18
2026,11080850,성북구,석관동,29.5665,1,매우 높음,8,20
2026,11190760,영등포구,문래동,29.4066,1,매우 높음,8,19
2026,11240600,송파구,오금동,29.2669,1,매우 높음,7,18
2026,11060830,동대문구,전농1동,28.9965,1,매우 높음,7,18
2026,11110510,노원구,월계1동,28.9933,1,매우 높음,8,20
2026,11020520,중구,소공동,28.8658,1,매우 높음,9,21
2026,11060880,동대문구,장안2동,28.8355,2,높음,7,18
2026,11230520,강남구,논현1동,28.7281,2,높음,8,19
2026,11180570,금천구,시흥1동,28.6082,2,높음,6,14
2026,11020600,중구,을지로동,28.3872,2,높음,8,20
2026,11040680,성동구,성수2가3동,28.3794,2,높음,8,19
2026,11160510,강서구,염창동,28.3358,2,높음,7,18
2026,11190550,영등포구,당산1동,28.3188,2,높음,7,18
2026,11200530,동작구,상도1동,28.0709,2,높음,8,19
2026,11240580,송파구,방이2동,28.0073,2,높음,6,14
2026,11110790,노원구,공릉1동,27.9488,2,높음,8,17
2026,11080660,성북구,길음1동,27.8707,2,높음,7,16
2026,11110650,노원구,상계1동,27.638,2,높음,6,14
2026,11110770,노원구,상계6·7동,27.5855,2,높음,6,14
2026,11250750,강동구,강일동,27.5469,2,높음,7,18
2026,11200710,동작구,흑석동,27.4799,2,높음,7,18
2026,11220510,서초구,서초1동,27.4648,2,높음,6,14
2026,11140780,마포구,아현동,27.4619,2,높음,7,18
2026,11160730,강서구,화곡1동,27.4423,2,높음,7,15
2026,11130760,서대문구,연희동,27.3963,2,높음,7,18
2026,11100550,도봉구,방학1동,27.358,2,높음,7,16
2026,11240800,송파구,잠실3동,27.331,2,높음,6,14
2026,11100650,도봉구,도봉2동,27.2426,2,높음,7,16
2026,11190620,영등포구,양평2동,27.233,2,높음,7,18
2026,11230530,강남구,논현2동,27.2234,2,높음,6,14
2026,11080720,성북구,월곡2동,27.1798,2,높음,8,20
2026,11230630,강남구,대치4동,27.1732,2,높음,8,19
2026,11080820,성북구,삼선동,26.9989,2,높음,8,20
2026,11160550,강서구,화곡본동,26.8666,2,높음,7,18
2026,11050620,광진구,구의3동,26.6453,2,높음,6,14
2026,11060870,동대문구,장안1동,26.6081,2,높음,6,14
2026,11120520,은평구,불광1동,26.587,2,높음,7,18
2026,11040710,성동구,왕십리도선동,26.4412,2,높음,7,18
2026,11110580,노원구,하계1동,26.4346,2,높음,8,20
2026,11240640,송파구,삼전동,26.2958,2,높음,7,18
2026,11250760,강동구,상일1동,26.2142,2,높음,6,16
2026,11060800,동대문구,청량리동,26.1454,2,높음,8,20
2026,11230800,강남구,개포2동,26.1349,2,높음,7,15
2026,11080830,성북구,동선동,26.118,2,높음,8,20
2026,11100640,도봉구,도봉1동,26.0506,2,높음,8,20
2026,11050670,광진구,자양4동,25.971,2,높음,7,18
2026,11170710,구로구,구로2동,25.9644,2,높음,6,14
2026,11130730,서대문구,충현동,25.9477,2,높음,7,18
2026,11180520,금천구,독산1동,25.9476,2,높음,6,14
2026,11240820,송파구,위례동,25.9406,2,높음,6,14
2026,11220590,서초구,반포3동,25.8102,2,높음,7,15
2026,11070690,중랑구,신내1동,25.7978,2,높음,7,18
2026,11160670,강서구,발산1동,25.7812,2,높음,7,18
2026,11120740,은평구,역촌동,25.7539,2,높음,7,18
2026,11170550,구로구,구로4동,25.6849,2,높음,8,19
2026,11070710,중랑구,면목본동,25.5546,2,높음,6,14
2026,11090740,강북구,우이동,25.5369,2,높음,8,20
2026,11200560,동작구,상도4동,25.503,2,높음,7,15
2026,11140770,마포구,공덕동,25.5026,2,높음,7,18
2026,11140600,마포구,대흥동,25.4254,2,높음,7,18
2026,11170720,구로구,개봉1동,25.4213,2,높음,6,14
2026,11250710,강동구,둔촌2동,25.3136,2,높음,7,18
2026,11120730,은평구,응암3동,25.2998,2,높음,7,18
2026,11080650,성북구,정릉4동,25.2744,2,높음,8,20
2026,11190720,영등포구,대림3동,25.2657,2,높음,6,14
2026,11050610,광진구,구의2동,25.1517,2,높음,6,14
2026,11220550,서초구,잠원동,25.117,2,높음,7,18
2026,11100510,도봉구,쌍문1동,25.0918,3,다소 높음,7,16
2026,11100620,도봉구,창4동,25.0106,3,다소 높음,7,16
2026,11080680,성북구,길음2동,24.8979,3,다소 높음,8,20
2026,11200730,동작구,사당2동,24.877,3,다소 높음,8,19
2026,11120570,은평구,구산동,24.7122,3,다소 높음,7,18
2026,11070600,중랑구,상봉2동,24.5044,3,다소 높음,7,18
2026,11070620,중랑구,중화2동,24.476,3,다소 높음,8,19
2026,11130700,서대문구,남가좌2동,24.444,3,다소 높음,7,18
2026,11250720,강동구,암사1동,24.3709,3,다소 높음,7,15
2026,11170620,구로구,고척2동,24.3626,3,다소 높음,8,19
2026,11090650,강북구,수유3동,24.3315,3,다소 높음,7,16
2026,11120580,은평구,대조동,24.2864,3,다소 높음,8,19
2026,11140730,마포구,성산2동,24.2091,3,다소 높음,8,19
2026,11070640,중랑구,묵1동,24.1484,3,다소 높음,7,18
2026,11150540,양천구,목4동,24.1114,3,다소 높음,7,18
2026,11040560,성동구,행당1동,24.0301,3,다소 높음,7,18
2026,11090720,강북구,송천동,23.9903,3,다소 높음,7,16
2026,11080600,성북구,안암동,23.969,3,다소 높음,8,20
2026,11090690,강북구,삼양동,23.8993,3,다소 높음,7,16
2026,11210730,관악구,대학동,23.8701,3,다소 높음,6,14
2026,11060910,동대문구,답십리1동,23.8605,3,다소 높음,7,18
2026,11200690,동작구,신대방1동,23.846,3,다소 높음,7,18
2026,11160690,강서구,공항동,23.7701,3,다소 높음,8,19
2026,11150520,양천구,목2동,23.7488,3,다소 높음,6,14
2026,11090730,강북구,삼각산동,23.7401,3,다소 높음,7,16
2026,11240610,송파구,송파1동,23.654,3,다소 높음,7,18
2026,11110760,노원구,상계3·4동,23.638,3,다소 높음,7,16
2026,11150710,양천구,목5동,23.5954,3,다소 높음,6,14
2026,11230790,강남구,대치2동,23.5408,3,다소 높음,7,15
2026,11100570,도봉구,방학3동,23.5281,3,다소 높음,7,16
2026,11170730,구로구,오류2동,23.5245,3,다소 높음,7,18
2026,11220540,서초구,서초4동,23.458,3,다소 높음,7,15
2026,11160710,강서구,방화2동,23.4176,3,다소 높음,7,18
2026,11020570,중구,필동,23.3797,3,다소 높음,8,20
2026,11230660,강남구,도곡1동,23.2682,3,다소 높음,6,14
2026,11170610,구로구,고척1동,23.2654,3,다소 높음,6,14
2026,11240540,송파구,거여2동,23.141,3,다소 높음,6,14
2026,11020700,중구,다산동,23.0996,3,다소 높음,7,18
2026,11080610,성북구,보문동,23.0809,3,다소 높음,8,20
2026,11210780,관악구,은천동,23.0791,3,다소 높음,6,14
2026,11120510,은평구,녹번동,23.0724,3,다소 높음,8,19
2026,11080810,성북구,성북동,23.0356,3,다소 높음,8,20
2026,11140690,마포구,망원1동,23.0024,3,다소 높음,8,19
2026,11140760,마포구,서강동,22.9839,3,다소 높음,7,18
2026,11240520,송파구,풍납2동,22.9518,3,다소 높음,7,18
2026,11220600,서초구,반포4동,22.7533,3,다소 높음,7,18
2026,11220680,서초구,내곡동,22.7259,3,다소 높음,7,18
2026,11010630,종로구,종로5·6가동,22.7122,3,다소 높음,8,20
2026,11220670,서초구,양재2동,22.7092,3,다소 높음,7,18
2026,11040730,성동구,옥수동,22.7073,3,다소 높음,7,18
2026,11120660,은평구,신사2동,22.7015,3,다소 높음,7,18
2026,11130620,서대문구,홍제1동,22.6177,3,다소 높음,7,18
2026,11250530,강동구,명일1동,22.6169,3,다소 높음,7,18
2026,11240810,송파구,장지동,22.4839,3,다소 높음,6,14
2026,11080710,성북구,월곡1동,22.4737,3,다소 높음,7,16
2026,11050630,광진구,광장동,22.4605,3,다소 높음,8,19
2026,11110600,노원구,중계본동,22.4256,3,다소 높음,7,18
2026,11220570,서초구,반포1동,22.3246,3,다소 높음,6,14
2026,11120670,은평구,증산동,22.3219,3,다소 높음,7,18
2026,11060730,동대문구,휘경2동,22.2999,3,다소 높음,7,18
2026,11030740,용산구,한남동,22.2359,3,다소 높음,7,18
2026,11160700,강서구,방화1동,22.2205,4,보통,7,15
2026,11110780,노원구,중계2·3동,22.2167,4,보통,6,14
2026,11100600,도봉구,창2동,22.1787,4,보통,8,17
2026,11100590,도봉구,창1동,22.1468,4,보통,8,17
2026,11060890,동대문구,이문1동,22.1125,4,보통,7,18
2026,11120550,은평구,갈현1동,22.0749,4,보통,7,18
2026,11050540,광진구,군자동,22.0529,4,보통,7,18
2026,11090640,강북구,수유2동,21.9844,4,보통,7,16
2026,11250670,강동구,성내3동,21.9824,4,보통,6,14
2026,11020710,중구,약수동,21.9417,4,보통,7,16
2026,11110520,노원구,월계2동,21.9151,4,보통,7,16
2026,11090750,강북구,인수동,21.9092,4,보통,7,16
2026,11150530,양천구,목3동,21.829,4,보통,7,15
2026,11200550,동작구,상도3동,21.611,4,보통,7,18
2026,11040540,성동구,마장동,21.5857,4,보통,7,18
2026,11120590,은평구,응암1동,21.5788,4,보통,6,14
2026,11230750,강남구,수서동,21.5746,4,보통,8,19
2026,11250610,강동구,천호1동,21.5712,4,보통,8,19
2026,11030710,용산구,청파동,21.5324,4,보통,7,18
2026,11050560,광진구,중곡2동,21.5273,4,보통,7,18
2026,11140750,마포구,도화동,21.3722,4,보통,7,18
2026,11010580,종로구,교남동,21.352,4,보통,8,20
2026,11190730,영등포구,영등포본동,21.3095,4,보통,6,14
2026,11050650,광진구,자양2동,21.2826,4,보통,6,14
2026,11090610,강북구,번2동,21.2435,4,보통,8,20
2026,11150700,양천구,신정7동,21.205,4,보통,6,14
2026,11240790,송파구,잠실2동,21.189,4,보통,6,14
2026,11230710,강남구,개포4동,21.1641,4,보통,7,18
2026,11030530,용산구,남영동,21.1359,4,보통,7,18
2026,11100520,도봉구,쌍문2동,21.1313,4,보통,7,16
2026,11150510,양천구,목1동,21.1083,4,보통,6,14
2026,11100540,도봉구,쌍문4동,21.0835,4,보통,8,20
2026,11090600,강북구,번1동,21.0796,4,보통,7,16
2026,11160520,강서구,등촌1동,21.0739,4,보통,8,19
2026,11170670,구로구,오류1동,21.0662,4,보통,7,18
2026,11050640,광진구,자양1동,21.0203,4,보통,7,15
2026,11240560,송파구,마천2동,20.9935,4,보통,7,18
2026,11080760,성북구,장위1동,20.9413,4,보통,7,16
2026,11210720,관악구,조원동,20.9393,4,보통,6,14
2026,11130720,서대문구,북가좌2동,20.7907,4,보통,7,18
2026,11110530,노원구,월계3동,20.6662,4,보통,7,16
2026,11130680,서대문구,홍은2동,20.647,4,보통,7,18
2026,11230510,강남구,신사동,20.598,4,보통,7,15
2026,11240660,송파구,가락1동,20.4943,4,보통,6,14
2026,11010560,종로구,평창동,20.4562,4,보통,8,20
2026,11250630,강동구,천호3동,20.414,4,보통,6,14
2026,11090630,강북구,수유1동,20.4096,4,보통,7,15
2026,11170690,구로구,수궁동,20.3844,4,보통,7,18
2026,11250550,강동구,고덕1동,20.3579,4,보통,7,18
2026,11060860,동대문구,답십리2동,20.3507,4,보통,6,14
2026,11010670,종로구,창신1동,20.3163,4,보통,8,20
2026,11020670,중구,황학동,20.3012,4,보통,8,20
2026,11250560,강동구,고덕2동,20.2144,4,보통,6,14
2026,11040720,성동구,금호2·3가동,20.1817,4,보통,7,18
2026,11040700,성동구,용답동,20.1741,4,보통,7,18
2026,11080630,성북구,정릉2동,20.1387,4,보통,7,16
2026,11210830,관악구,미성동,20.122,4,보통,6,14
2026,11140680,마포구,합정동,20.1055,4,보통,7,18
2026,11200700,동작구,신대방2동,20.0917,4,보통,6,14
2026,11050580,광진구,중곡4동,20.0797,4,보통,6,14
2026,11250650,강동구,성내1동,19.8529,5,다소 낮음,8,19
2026,11030510,용산구,후암동,19.8203,5,다소 낮음,7,18
2026,11140590,마포구,용강동,19.7613,5,다소 낮음,7,18
2026,11240680,송파구,문정1동,19.7327,5,다소 낮음,7,18
2026,11240670,송파구,가락2동,19.528,5,다소 낮음,6,14
2026,11010710,종로구,숭인2동,19.5176,5,다소 낮음,8,20
2026,11160610,강서구,화곡6동,19.5161,5,다소 낮음,6,14
2026,11160630,강서구,화곡8동,19.4857,5,다소 낮음,6,14
2026,11180550,금천구,독산4동,19.4612,5,다소 낮음,8,19
2026,11230670,강남구,도곡2동,19.4377,5,다소 낮음,7,18
2026,11020680,중구,중림동,19.4371,5,다소 낮음,7,18
2026,11220620,서초구,방배1동,19.4266,5,다소 낮음,6,14
2026,11120680,은평구,수색동,19.3506,5,다소 낮음,7,18
2026,11020690,중구,신당동,19.3468,5,다소 낮음,9,21
2026,11050590,광진구,능동,19.335,5,다소 낮음,7,18
2026,11050660,광진구,자양3동,19.259,5,다소 낮음,6,14
2026,11210570,관악구,행운동,19.2263,5,다소 낮음,6,14
2026,11110690,노원구,상계5동,19.2164,5,다소 낮음,6,14
2026,11220630,서초구,방배2동,19.1747,5,다소 낮음,7,15
2026,11120560,은평구,갈현2동,19.17,5,다소 낮음,6,14
2026,11100530,도봉구,쌍문3동,19.1595,5,다소 낮음,7,16
2026,11140610,마포구,염리동,19.1498,5,다소 낮음,6,14
2026,11210790,관악구,성현동,19.0977,5,다소 낮음,6,14
2026,11230680,강남구,개포1동,19.0514,5,다소 낮음,6,14
2026,11220650,서초구,방배4동,19.0307,5,다소 낮음,6,14
2026,11190610,영등포구,양평1동,19.0222,5,다소 낮음,7,18
2026,11220640,서초구,방배3동,18.9778,5,다소 낮음,7,18
2026,11030630,용산구,이촌1동,18.9673,5,다소 낮음,7,18
2026,11170650,구로구,개봉3동,18.9566,5,다소 낮음,7,18
2026,11010640,종로구,이화동,18.8506,5,다소 낮음,8,19
2026,11030720,용산구,원효로1동,18.8382,5,다소 낮음,7,18
2026,11050600,광진구,구의1동,18.7843,5,다소 낮음,8,19
2026,11110640,노원구,중계4동,18.7824,5,다소 낮음,6,14
2026,11200650,동작구,사당3동,18.7394,5,다소 낮음,6,14
2026,11070720,중랑구,면목3·8동,18.5736,5,다소 낮음,6,14
2026,11080580,성북구,돈암1동,18.5596,5,다소 낮음,8,20
2026,11240570,송파구,방이1동,18.4898,5,다소 낮음,7,18
2026,11230720,강남구,일원본동,18.4453,5,다소 낮음,6,14
2026,11070590,중랑구,상봉1동,18.3324,5,다소 낮음,6,14
2026,11040650,성동구,성수1가1동,18.2696,5,다소 낮음,8,19
2026,11010720,종로구,청운효자동,18.1618,5,다소 낮음,7,18
2026,11150590,양천구,신월3동,18.0511,5,다소 낮음,7,18
2026,11250540,강동구,명일2동,17.9937,5,다소 낮음,6,14
2026,11040570,성동구,행당2동,17.9785,5,다소 낮음,6,14
2026,11190710,영등포구,대림2동,17.9106,5,다소 낮음,7,18
2026,11200540,동작구,상도2동,17.8044,5,다소 낮음,6,14
2026,11180580,금천구,시흥2동,17.801,5,다소 낮음,7,15
2026,11230600,강남구,대치1동,17.726,5,다소 낮음,6,14
2026,11060840,동대문구,전농2동,17.7259,5,다소 낮음,6,14
2026,11080590,성북구,돈암2동,17.6588,5,다소 낮음,7,16
2026,11160761,강서구,방화3동,17.5876,5,다소 낮음,8,19
2026,11100560,도봉구,방학2동,17.5602,5,다소 낮음,7,18
2026,11040620,성동구,금호4가동,17.5471,5,다소 낮음,7,18
2026,11180540,금천구,독산3동,17.473,5,다소 낮음,6,14
2026,11020730,중구,동화동,17.4153,5,다소 낮음,7,16
2026,11100610,도봉구,창3동,17.403,5,다소 낮음,8,17
2026,11250660,강동구,성내2동,17.3911,5,다소 낮음,6,14
2026,11120720,은평구,불광2동,17.3366,5,다소 낮음,6,14
2026,11070700,중랑구,신내2동,17.3358,5,다소 낮음,6,14
2026,11020650,중구,신당5동,17.327,5,다소 낮음,7,16
2026,11240750,송파구,잠실4동,17.2919,5,다소 낮음,6,14
2026,11170640,구로구,개봉2동,17.1736,6,낮음,6,14
2026,11130520,서대문구,천연동,17.1417,6,낮음,8,19
2026,11150630,양천구,신월7동,17.1411,6,낮음,6,14
2026,11210630,관악구,남현동,17.0895,6,낮음,7,18
2026,11230730,강남구,일원1동,17.0614,6,낮음,7,18
2026,11170740,구로구,항동,17.0182,6,낮음,6,16
2026,11150570,양천구,신월1동,16.9686,6,낮음,7,15
2026,11240530,송파구,거여1동,16.9258,6,낮음,7,18
2026,11080780,성북구,장위3동,16.9038,6,낮음,7,16
2026,11160580,강서구,화곡3동,16.8313,6,낮음,6,14
2026,11080620,성북구,정릉1동,16.7872,6,낮음,7,16
2026,11160590,강서구,화곡4동,16.7391,6,낮음,6,14
2026,11040520,성동구,왕십리2동,16.7127,6,낮음,7,18
2026,11040660,성동구,성수1가2동,16.6875,6,낮음,7,15
2026,11030650,용산구,이태원1동,16.6109,6,낮음,7,18
2026,11080640,성북구,정릉3동,16.6095,6,낮음,7,16
2026,11070520,중랑구,면목2동,16.5915,6,낮음,6,14
2026,11210810,관악구,난곡동,16.5732,6,낮음,6,14
2026,11210520,관악구,보라매동,16.5693,6,낮음,6,14
2026,11140710,마포구,연남동,16.4663,6,낮음,7,18
2026,11040590,성동구,금호1가동,16.4308,6,낮음,7,18
2026,11120650,은평구,신사1동,16.3876,6,낮음,6,14
2026,11150600,양천구,신월4동,16.343,6,낮음,6,14
2026,11190750,영등포구,도림동,16.312,6,낮음,7,18
2026,11140630,마포구,신수동,16.2853,6,낮음,7,18
2026,11080770,성북구,장위2동,16.2764,6,낮음,7,18
2026,11070570,중랑구,면목7동,16.1497,6,낮음,6,14
2026,11210580,관악구,낙성대동,16.0038,6,낮음,7,15
2026,11050570,광진구,중곡3동,15.8081,6,낮음,6,14
2026,11130640,서대문구,홍제3동,15.793,6,낮음,7,15
2026,11140720,마포구,성산1동,15.7538,6,낮음,6,14
2026,11090620,강북구,번3동,15.744,6,낮음,8,17
2026,11070650,중랑구,묵2동,15.7261,6,낮음,7,15
2026,11020580,중구,장충동,15.7108,6,낮음,7,18
2026,11220580,서초구,반포2동,15.6872,6,낮음,7,15
2026,11060710,동대문구,회기동,15.6355,6,낮음,7,18
2026,11040550,성동구,사근동,15.587,6,낮음,7,18
2026,11010700,종로구,숭인1동,15.5793,6,낮음,7,16
2026,11110720,노원구,상계8동,15.5094,6,낮음,6,14
2026,11010570,종로구,무악동,15.4186,6,낮음,8,20
2026,11180600,금천구,시흥4동,15.4041,6,낮음,7,18
2026,11130660,서대문구,홍은1동,15.3849,6,낮음,6,14
2026,11210640,관악구,서원동,15.2479,6,낮음,6,14
2026,11030580,용산구,효창동,15.218,6,낮음,7,18
2026,11070550,중랑구,면목5동,15.1582,6,낮음,7,18
2026,11190680,영등포구,신길6동,15.1202,6,낮음,6,14
2026,11040670,성동구,성수2가1동,15.1097,6,낮음,6,14
2026,11110740,노원구,상계10동,15.0775,6,낮음,6,14
2026,11020720,중구,청구동,15.0295,6,낮음,7,16
2026,11210660,관악구,서림동,14.9811,6,낮음,6,14
2026,11240550,송파구,마천1동,14.9782,6,낮음,6,14
2026,11150640,양천구,신정1동,14.8579,6,낮음,6,14
2026,11170700,구로구,가리봉동,14.7665,6,낮음,7,18
2026,11050550,광진구,중곡1동,14.7568,6,낮음,7,15
2026,11230511,강남구,개포3동,14.7467,6,낮음,6,14
2026,11210620,관악구,인헌동,14.7279,6,낮음,6,14
2026,11190650,영등포구,신길3동,14.6988,6,낮음,6,14
2026,11030690,용산구,서빙고동,14.653,6,낮음,7,18
2026,11250580,강동구,암사2동,14.6456,6,낮음,6,14
2026,11190700,영등포구,대림1동,14.6249,6,낮음,6,14
2026,11240590,송파구,오륜동,14.6244,6,낮음,6,14
2026,11150580,양천구,신월2동,14.6076,7,매우 낮음,6,14
2026,11160530,강서구,등촌2동,14.578,7,매우 낮음,6,14
2026,11190660,영등포구,신길4동,14.5088,7,매우 낮음,7,18
2026,11070610,중랑구,중화1동,14.5073,7,매우 낮음,6,14
2026,11240620,송파구,송파2동,14.463,7,매우 낮음,6,14
2026,11110730,노원구,상계9동,14.4283,7,매우 낮음,6,14
2026,11110590,노원구,하계2동,14.4161,7,매우 낮음,7,16
2026,11180530,금천구,독산2동,14.402,7,매우 낮음,6,14
2026,11180610,금천구,시흥5동,14.3751,7,매우 낮음,6,14
2026,11190630,영등포구,신길1동,14.2369,7,매우 낮음,6,14
2026,11190690,영등포구,신길7동,14.2044,7,매우 낮음,6,14
2026,11150650,양천구,신정2동,14.0118,7,매우 낮음,6,14
2026,11030520,용산구,용산2가동,13.9987,7,매우 낮음,7,18
2026,11160650,강서구,가양2동,13.983,7,매우 낮음,6,14
2026,11250590,강동구,암사3동,13.8439,7,매우 낮음,8,19
2026,11060720,동대문구,휘경1동,13.8372,7,매우 낮음,6,14
2026,11110610,노원구,중계1동,13.7896,7,매우 낮음,6,14
2026,11130690,서대문구,남가좌1동,13.7654,7,매우 낮음,6,14
2026,11150690,양천구,신정6동,13.7465,7,매우 낮음,6,14
2026,11070540,중랑구,면목4동,13.688,7,매우 낮음,6,14
2026,11010690,종로구,창신3동,13.6674,7,매우 낮음,7,16
2026,11210680,관악구,신사동,13.631,7,매우 낮음,6,14
2026,11210610,관악구,중앙동,13.5286,7,매우 낮음,6,14
2026,11070680,중랑구,망우3동,13.4858,7,매우 낮음,6,14
2026,11130740,서대문구,북아현동,13.3189,7,매우 낮음,6,14
2026,11010540,종로구,삼청동,13.1511,7,매우 낮음,8,19
2026,11120600,은평구,응암2동,13.0048,7,매우 낮음,6,14
2026,11160660,강서구,가양3동,13.0046,7,매우 낮음,6,14
2026,11030570,용산구,원효로2동,13.0005,7,매우 낮음,7,18
2026,11210540,관악구,청림동,12.9903,7,매우 낮음,6,14
2026,11200520,동작구,노량진2동,12.9827,7,매우 낮음,6,14
2026,11210820,관악구,삼성동,12.9652,7,매우 낮음,6,14
2026,11200670,동작구,사당5동,12.6718,7,매우 낮음,6,14
2026,11220610,서초구,방배본동,12.5715,7,매우 낮음,6,14
2026,11130710,서대문구,북가좌1동,12.4502,7,매우 낮음,6,14
2026,11010680,종로구,창신2동,12.4181,7,매우 낮음,6,14
2026,11010550,종로구,부암동,12.3861,7,매우 낮음,7,18
2026,11030590,용산구,용문동,12.3424,7,매우 낮음,7,18
2026,11170520,구로구,구로1동,12.3338,7,매우 낮음,6,14
2026,11150610,양천구,신월5동,12.3194,7,매우 낮음,6,14
2026,11040580,성동구,응봉동,11.8804,7,매우 낮음,7,18
2026,11210650,관악구,신원동,11.7266,7,매우 낮음,7,15
2026,11040690,성동구,송정동,11.5216,7,매우 낮음,8,19
2026,11200660,동작구,사당4동,11.4897,7,매우 낮음,6,14
2026,11140700,마포구,망원2동,11.3652,7,매우 낮음,6,14
2026,11060900,동대문구,이문2동,11.1008,7,매우 낮음,6,14
2026,11030700,용산구,보광동,10.7808,7,매우 낮음,7,18
2026,11250770,강동구,상일2동,10.7243,7,매우 낮음,5,12
2026,11160570,강서구,화곡2동,10.4742,7,매우 낮음,6,14
2026,11010600,종로구,가회동,10.157,7,매우 낮음,8,19
2026,11150620,양천구,신월6동,10.1123,7,매우 낮음,6,14
2026,11210710,관악구,난향동,10.1006,7,매우 낮음,6,14
2026,11190670,영등포구,신길5동,9.3308,7,매우 낮음,6,14
2026,11240780,송파구,잠실7동,9.0425,7,매우 낮음,6,14
2026,11240510,송파구,풍납1동,8.9348,7,매우 낮음,6,14
2026,11250700,강동구,둔촌1동,8.7747,7,매우 낮음,7,15
2026,11130650,서대문구,홍제2동,8.6354,7,매우 낮음,6,14
2026,11180590,금천구,시흥3동,8.2508,7,매우 낮음,6,14
2026,11030660,용산구,이태원2동,7.4506,7,매우 낮음,7,15
2026,11030640,용산구,이촌2동,5.7733,7,매우 낮음,7,15
2026,11220560,서초구,반포본동,4.1206,7,매우 낮음,6,14
